Longitude,Latitude,Depth,Magnitude,Mag. Type,Year,Month,Day,Time
117.235,-9.166,66.6,5.8,mw,1970,1,9,23:16:22
116.412,-9.073,70.2,5.98,mw,1970,12,21,14:40:43
116.46,-9.203,70.5,5.62,mw,1970,12,24,1:49:56
114.594,-7.564,20,5.49,mw,1971,3,20,9:44:54
116.95,-10.988,26.9,6.38,mw,1972,5,28,1:55:22
117.265,-11.039,15,5.41,mw,1972,8,17,17:29:51
117.427,-9.854,66,5.5,mb,1973,1,2,0:53:20
117.381,-8.267,162,5.7,mb,1973,3,20,19:09:06
117.107,-10.246,33,5.5,mb,1973,7,16,5:42:47
117.22,-10.149,33,5.1,mb,1973,7,16,8:41:24
115.36,-8.745,92,5.6,mb,1973,10,2,12:23:23
114.717,-11.665,28,4.9,mb,1973,12,28,3:13:38
117.284,-8.937,33,4.8,mb,1973,12,29,15:41:15
117.496,-7.754,257,5.6,mb,1974,1,17,12:52:25
117.849,-8.17,33,5.6,mb,1974,4,26,12:20:00
116.365,-9.796,33,4.9,mb,1975,2,7,16:50:19
114.577,-9.331,89,5.3,mb,1975,2,20,22:32:50
117.63,-9.193,67,4.9,mb,1975,6,28,11:20:30
117.869,-8.735,6,4.9,mb,1975,7,4,6:07:37
117.185,-9.676,52,5.5,mb,1975,7,31,15:17:38
115.07,-7.978,196,5.9,mb,1975,12,28,15:24:50
117.34,-8.545,153,4.2,mb,1976,1,30,16:01:32
117.073,-9.988,52,4.8,mb,1976,2,11,7:09:31
117.408,-10.045,32,5.3,mb,1976,3,6,17:24:57
114.888,-8.17,40,6.5,ms,1976,7,14,7:13:24
114.862,-8.127,33,5.9,mb,1976,7,14,10:23:45
117.355,-7.689,335,5.2,mb,1976,9,5,4:39:20
115.193,-8.219,33,5.2,mb,1977,1,26,13:11:29
117.176,-8.303,161,5.3,mb,1977,3,13,5:24:07
116.799,-11.041,33,4.6,mb,1977,3,20,19:08:27
114.82,-11.251,51,5.2,mb,1977,6,27,3:04:39
117.412,-10.192,33,5.5,mb,1977,8,19,7:38:05
117.721,-11.458,33,5,mb,1977,8,19,12:21:11
117.858,-11.585,33,5.1,mb,1977,8,21,12:28:44
116.32,-11.324,33,5.2,mb,1977,8,22,17:44:19
116.457,-11.259,33,4.9,mb,1977,8,22,20:55:15
117.799,-10.12,33,4.6,mb,1977,8,23,1:14:04
117.664,-11.394,33,5.7,mb,1977,8,23,10:24:12
117.599,-11.495,33,4.6,mb,1977,8,25,22:20:36
117.869,-11.433,33,5.3,mb,1977,8,26,1:41:40
117.717,-9.913,33,5,mb,1977,8,30,12:58:56
115.516,-10.07,33,5.1,mb,1977,9,7,2:44:26
116.863,-11.298,33,5.1,mb,1977,9,7,11:39:11
117.448,-10.402,33,5.1,ms,1977,9,15,11:13:24
117.643,-10.468,33,5.2,mb,1977,9,16,12:22:50
117.865,-11.482,33,4.6,mb,1977,9,16,18:11:34
117.823,-10.035,33,4.7,mb,1977,9,20,21:55:42
117.231,-10.352,33,4.9,mb,1977,9,24,3:49:33
117.245,-11.298,33,5.6,mb,1977,9,25,18:31:39
117.744,-11.234,33,4.7,mb,1977,9,27,21:39:15
117.497,-10.078,33,5.6,mb,1977,10,1,12:52:31
117.605,-10.113,24,5.2,mb,1977,10,1,13:37:25
117.497,-10.186,19,5.4,mb,1977,10,1,20:02:40
117.383,-11.483,33,5.5,mb,1977,10,5,18:04:11
117.167,-11.191,33,5.6,mb,1977,10,5,18:51:10
117.327,-9.965,33,5.7,mb,1977,10,7,4:45:43
117.656,-10.081,33,5.6,mb,1977,10,7,5:39:36
117.417,-9.828,33,5,mb,1977,10,7,6:24:02
117.299,-9.91,33,5.4,mb,1977,10,7,8:30:56
117.379,-10.09,33,5.1,mb,1977,10,7,10:50:38
117.319,-9.952,33,6.3,ms,1977,10,7,12:10:43
117.292,-9.875,33,5.2,mb,1977,10,7,12:23:05
117.566,-9.972,33,5,mb,1977,10,7,16:05:13
117.311,-9.844,33,5.2,mb,1977,10,7,16:50:49
117.318,-9.932,33,5.6,ms,1977,10,7,17:01:13
117.262,-9.845,33,5.8,ms,1977,10,7,17:36:46
117.128,-9.858,33,5.3,mb,1977,10,7,17:58:21
117.158,-10.008,33,5.7,mb,1977,10,7,19:04:16
117.254,-9.828,33,5.4,mb,1977,10,7,19:10:04
117.514,-10.014,33,5.1,mb,1977,10,7,21:26:14
117.29,-9.916,33,5.8,mb,1977,10,7,21:36:11
117.38,-9.893,33,5.7,ms,1977,10,7,22:47:03
117.146,-9.998,33,5.5,mb,1977,10,7,23:23:46
117.195,-10.079,33,5.4,mb,1977,10,8,1:58:54
117.5,-9.995,33,5,mb,1977,10,8,4:34:05
117.599,-10.321,33,5,mb,1977,10,8,6:55:59
117.36,-9.815,33,5.4,mb,1977,10,8,10:52:32
117.344,-9.945,33,5.4,mb,1977,10,8,18:08:23
117.428,-9.963,33,5.2,mb,1977,10,8,18:59:47
117.303,-10.019,33,5.2,mb,1977,10,8,19:30:01
117.493,-9.945,33,4.9,mb,1977,10,9,0:54:17
117.29,-9.925,33,5.6,mb,1977,10,9,10:03:21
117.376,-10.162,33,5.3,mb,1977,10,9,12:16:56
117.51,-9.995,33,5.6,mb,1977,10,9,16:57:04
117.465,-9.992,33,5.1,mb,1977,10,11,2:04:35
117.541,-9.263,33,4.6,mb,1977,10,14,4:24:50
117.118,-9.733,33,5.8,ms,1977,10,16,21:09:17
117.155,-9.752,33,5.5,mb,1977,10,16,21:22:08
117.596,-9.987,33,5,mb,1977,10,16,23:13:01
117.107,-9.729,33,5,mb,1977,10,17,9:53:35
117.098,-9.776,33,5.3,ms,1977,10,20,11:35:23
117.667,-10.402,33,5.7,mb,1977,10,21,11:48:34
117.221,-9.693,33,5.6,mb,1977,10,25,6:50:44
117.526,-10.447,39,5,mb,1977,10,31,18:56:34
117.369,-10.015,33,4.9,mb,1977,11,4,16:02:34
117.369,-10.229,33,4.9,mb,1977,11,4,16:55:12
116.965,-11.451,33,5.3,mb,1977,11,14,17:58:34
117.436,-10.125,33,4.9,mb,1977,11,19,17:33:28
116.205,-11.671,33,5.1,mb,1977,11,30,13:57:06
117.685,-7.838,33,5.6,mb,1977,12,20,11:31:34
117.622,-8.343,33,5.1,mb,1977,12,22,18:13:06
117.608,-10.726,33,4.9,mb,1977,12,23,10:25:17
114.53,-8.684,123,5.1,mb,1978,2,3,11:03:52
117.114,-9.662,33,5.6,mb,1978,2,25,6:10:35
117.578,-9.524,33,4.7,mb,1978,2,25,7:48:11
117.096,-10.131,39,5,mb,1978,2,25,7:54:53
117.188,-9.999,33,4.7,mb,1978,2,25,8:42:46
117.229,-9.767,33,5.1,mb,1978,2,25,14:12:04
116.411,-9.622,94,5.4,mb,1978,3,15,14:46:23
117.54,-10.248,33,4.8,mb,1978,4,3,15:12:39
116.685,-11.36,33,6.7,mb,1978,4,10,20:52:18
117.023,-10.242,35,5.5,mb,1978,5,4,18:11:43
117.518,-9.5,33,4.8,mb,1978,6,4,18:24:49
117.5,-10.667,33,4.7,mb,1978,6,7,8:15:58
117.721,-11.647,33,5.3,mb,1978,7,18,21:48:20
117.727,-8.137,33,5.4,mb,1978,7,26,20:58:23
116.77,-11.522,33,4.1,mb,1978,12,8,22:01:08
117.661,-10.813,33,4.1,mb,1978,12,19,1:40:18
117.369,-7.701,291,4.6,mb,1978,12,26,5:14:49
116.865,-11.605,27,3.8,mb,1979,3,7,4:36:22
116.902,-11.334,25,5.3,mb,1979,3,28,16:16:47
117.017,-11.669,33,4.8,mb,1979,3,29,3:02:35
115.934,-8.299,76,5.7,mb,1979,5,21,16:31:05
115.949,-8.207,25,6.1,mb,1979,5,30,9:38:52
116.103,-8.345,33,4.9,mb,1979,6,16,0:56:14
116.183,-8.257,33,4.7,mb,1979,6,20,22:40:08
115.901,-8.449,33,5.1,mb,1979,6,21,9:45:15
116.776,-10.538,38,5,mb,1979,6,26,21:35:01
117.795,-11.362,33,4.2,mb,1979,6,27,17:46:06
117.784,-10.219,33,5,mb,1979,8,2,22:11:02
117.519,-10.252,33,4.3,mb,1979,8,19,10:15:52
117.836,-11.598,33,4.7,mb,1979,8,25,12:34:17
117.261,-10.782,33,4,mb,1979,10,10,9:40:06
117.575,-11.404,33,3.7,mb,1979,10,15,20:43:08
115.847,-8.254,38,6.2,ms,1979,10,20,1:41:10
115.94,-8.253,33,3.2,mb,1979,11,3,11:36:56
116.099,-11.492,33,3.4,mb,1979,11,9,20:57:29
115.889,-8.39,33,6.3,ms,1979,12,17,19:58:23
116.135,-8.208,33,4.8,mb,1980,1,18,8:40:57
116.096,-8.442,33,5.2,mb,1980,1,21,16:29:20
116.181,-8.133,33,4.9,mb,1980,1,21,17:18:22
116.155,-8.27,33,4.7,mb,1980,1,21,22:26:07
117.6,-11.019,33,4.5,mb,1980,2,14,20:15:06
116.347,-8.239,33,5.1,mb,1980,3,4,14:17:31
116.357,-8.158,33,5.1,ms,1980,3,4,14:28:37
116.358,-10.533,33,4.6,mb,1980,3,6,22:45:29
115.345,-9.645,33,4.6,mb,1980,3,11,9:42:00
117.757,-9.429,33,3.6,mb,1980,3,29,22:18:05
117.52,-10.102,47,4.6,mb,1980,4,21,15:03:07
117.489,-11.656,33,4.6,mb,1980,6,20,12:11:17
117.463,-9.708,34,4.5,mb,1980,8,7,16:43:19
116.662,-10.634,40,5.2,mb,1980,8,28,3:11:40
117.571,-11.377,33,5.7,mb,1980,10,5,17:18:41
116.341,-10.578,33,3.3,mb,1980,10,13,6:10:34
116.757,-11.59,33,5,mb,1980,11,16,5:34:50
117.459,-11.494,33,4.9,mb,1980,11,21,1:04:48
114.715,-11.147,33,4.4,mb,1980,11,27,17:58:52
116.195,-8.242,33,4.6,mb,1981,1,21,9:24:10
117.314,-11.139,33,5.6,mb,1981,2,1,4:35:25
116.863,-11.468,33,5.2,mb,1981,2,5,20:26:31
117.076,-11.534,33,4.2,mb,1981,4,12,23:53:19
117.722,-11.39,33,4.4,mb,1981,4,20,7:03:40
117.403,-11.242,33,3.3,mb,1981,6,14,5:47:02
117.459,-11.442,33,4.2,mb,1981,8,12,10:29:44
116.016,-8.312,149.1,4.9,mb,1981,9,1,6:52:07
115.862,-8.301,33,4.2,mb,1981,9,2,20:31:01
116.058,-8.667,33,4.2,mb,1981,10,6,20:01:59
116.845,-10.274,33,5.1,mb,1981,10,17,15:43:04
115.342,-8.369,33,4.3,mb,1981,10,23,15:21:44
117.5,-7.782,301.9,4.5,mb,1981,10,31,23:49:14
115.087,-8.667,124.9,4.6,mb,1981,12,4,20:38:25
117.228,-9.254,33,4.7,mb,1981,12,7,2:53:12
117.506,-9.643,33,4.1,mb,1981,12,30,16:01:19
114.758,-10.674,33,3.7,mb,1981,12,30,22:01:06
117.634,-11.592,33,3.4,mb,1982,1,12,11:44:03
116.833,-8.403,33,4.2,mb,1982,2,21,11:25:54
117.26,-11.348,17,5.6,mb,1982,2,28,17:52:19
117.318,-8.255,33,4.9,mb,1982,3,5,7:45:59
117.739,-11.006,33,3.9,mb,1982,4,13,0:55:24
117.513,-11.47,33,4.2,mb,1982,4,16,9:00:29
117.724,-11.584,33,3.2,mb,1982,4,18,17:39:01
116.009,-8.201,33,3.9,mb,1982,4,22,20:46:09
115.519,-11.171,33,4.6,mb,1982,5,26,4:12:42
115.696,-10.918,33,4.9,mb,1982,6,26,21:15:10
115.236,-8.426,139.3,5.1,mb,1982,7,13,5:46:43
115.418,-11.143,33,6.4,mw,1982,8,7,20:56:22
115.317,-11.106,33,4,mb,1982,8,11,22:55:13
115.004,-11.619,33,4,mb,1982,8,18,17:41:38
117.463,-9.828,33,4.7,mb,1982,10,7,8:39:24
117.594,-8.166,206.8,4.8,mb,1982,10,12,9:25:39
117.67,-10.201,33,3.9,mb,1982,10,22,13:21:01
115.868,-8.267,33,4.4,mb,1982,10,28,3:28:22
117.693,-11.659,33,5.1,mb,1982,10,31,0:36:58
116.914,-7.62,322.3,5.5,mb,1982,12,1,1:12:05
115.068,-10.683,33,4.5,mb,1982,12,13,23:02:35
116.775,-9.542,33,4.4,mb,1982,12,25,1:54:09
117.548,-7.894,270.3,4.2,mb,1983,2,12,10:18:05
114.588,-11.551,33,4.2,mb,1983,2,15,11:29:47
115.564,-11.212,33,5,mb,1983,2,26,16:00:14
115.036,-10.733,33,5.3,ms,1983,3,5,8:57:04
114.866,-10.979,33,4.7,mb,1983,3,10,5:31:12
117.442,-7.882,18,4.7,mb,1983,3,21,23:32:17
117.577,-7.886,235.6,4.5,mb,1983,4,20,16:55:24
114.675,-11.444,72.7,4.8,mb,1983,4,25,23:58:50
117.046,-7.66,286.9,4.1,mb,1983,6,17,21:31:26
116.955,-11.576,33,3.2,mb,1983,6,23,17:35:29
117.563,-8.53,156.2,5.5,mb,1983,8,20,6:19:30
116.904,-10.453,33,4.7,mb,1983,9,25,3:09:58
115.371,-11.177,33,5.6,mb,1983,9,29,2:06:20
116.967,-10.394,33,5.2,mb,1983,9,30,23:11:22
115.138,-8.885,182.3,4.3,mb,1983,10,15,18:52:38
115.2,-11.527,9.1,5.4,mb,1983,10,18,2:49:30
114.792,-11.338,33,4.8,mb,1983,11,14,15:38:09
115.325,-11.285,33,5.4,mb,1983,11,15,10:38:52
117.181,-8.541,33,4.9,mb,1983,11,25,17:55:09
117.31,-7.715,33,3.9,mb,1983,11,28,20:55:16
115.222,-9.47,33,5,mb,1983,12,1,1:41:41
116.954,-11.393,33,5.3,mb,1984,1,16,9:32:11
117.389,-7.705,296.3,5.5,mw,1984,1,17,2:09:04
115.056,-9.903,33,5.3,mw,1984,2,2,11:30:33
115.196,-9.813,56.5,4.9,mb,1984,2,3,8:33:36
117.313,-9.438,84,4.4,mb,1984,2,3,19:18:19
117.36,-10.753,33,4.7,mb,1984,2,20,16:23:05
117.198,-11.513,33,4.9,mb,1984,4,5,19:41:05
117.712,-8.337,184.2,4.5,mb,1984,5,15,9:40:06
117.659,-9.381,33,5.1,mb,1984,7,18,3:42:21
114.759,-7.85,38.4,5.1,mb,1984,8,3,22:41:16
117.713,-8.369,33,4.7,mb,1984,8,11,0:07:00
117.183,-11.504,33,5.2,mb,1984,8,21,17:50:42
117.374,-9.85,33,3.3,mb,1984,8,26,17:17:05
117.637,-11.607,33,3.4,mb,1984,8,26,21:57:35
117.489,-10.678,33,4.9,mb,1984,8,27,10:42:33
116.675,-11.528,33,4.4,mb,1984,9,3,0:11:23
117.426,-11.667,33,4.6,mb,1984,9,20,10:19:28
117.521,-9.292,148.2,4.9,mb,1984,9,23,22:53:46
117.514,-11.515,33,3.3,mb,1984,10,7,2:24:54
116.939,-7.716,304.9,4.6,mb,1984,10,24,13:45:45
116.663,-9.419,33,5,mb,1984,12,9,20:32:48
116.339,-9.518,187,4.6,mb,1984,12,9,22:12:06
117.203,-11.379,33,4.5,mb,1984,12,15,6:24:25
117.695,-11.657,33,4.9,mb,1984,12,15,7:18:20
115.836,-8.119,33,4.8,mb,1985,1,2,9:28:10
117.312,-11.044,33,4,mb,1985,1,3,11:45:09
117.526,-10.326,33,5.1,mb,1985,1,3,13:10:02
117.681,-10.317,33,5,mb,1985,1,3,15:01:53
117.242,-11.54,33,4.4,mb,1985,1,20,17:31:27
114.969,-10.563,33,5.3,mb,1985,2,2,4:30:30
115.752,-8.536,33,5.2,mb,1985,2,16,8:43:56
117.381,-10.142,33,4.6,mb,1985,2,16,15:25:50
114.392,-11.279,33,4.6,mb,1985,3,19,7:50:20
116.998,-11.51,33,5,mb,1985,4,23,17:59:03
116.753,-9.018,33,4.2,mb,1985,5,1,9:35:53
115.134,-8.657,127.5,4.8,mb,1985,5,4,22:19:33
117.5,-11.649,33,3.8,mb,1985,5,25,18:04:34
117.73,-11.585,33,5.1,mb,1985,6,3,22:49:51
115.547,-9.809,33,4.2,mb,1985,6,21,6:53:00
117.845,-8.113,33,3.8,mb,1985,6,27,1:24:54
117.67,-9.725,85.6,5.5,mw,1985,7,6,14:37:28
114.84,-9.676,114.6,4.8,mb,1985,7,12,8:49:52
117.283,-10.789,33,5,mb,1985,7,19,10:18:27
117.791,-11.462,33,5.3,mb,1985,7,25,3:38:49
117.815,-9.671,75.4,5.1,mb,1985,8,7,16:06:21
117.585,-8.519,157.5,4.3,mb,1985,8,17,7:07:16
115.913,-9.197,33,3.9,mb,1985,8,17,17:49:05
115.964,-9.885,33,4.3,mb,1985,8,20,22:53:52
117.611,-9.22,33,4.6,mb,1985,8,27,9:29:58
115.685,-8.72,33,4.8,mb,1985,9,14,19:38:19
114.799,-11.555,33,5.2,mb,1985,10,1,19:09:09
117.751,-9.681,33,4.9,mb,1985,10,22,21:47:14
116.826,-11.602,33,4.3,mb,1985,10,29,18:32:43
117.335,-11.56,33,4.4,mb,1985,11,29,17:28:09
117.509,-8.771,33,3.2,mb,1985,12,4,1:18:27
117.155,-8.655,33,4.6,mb,1986,1,3,21:04:14
117.497,-7.848,268.3,3.9,mb,1986,2,1,20:55:37
117.478,-11.615,33,4.3,mb,1986,2,3,6:20:41
117.881,-11.31,33,3.9,mb,1986,2,9,11:39:43
117.328,-11.496,33,3.8,mb,1986,4,16,12:01:10
114.986,-8.983,161.4,3.7,mb,1986,4,30,11:03:01
116.526,-10.529,33,5.1,mb,1986,5,1,11:13:16
116.404,-10.518,33,4.1,mb,1986,5,6,19:16:53
116.337,-10.46,33,4.9,mb,1986,5,6,19:28:55
117.687,-8.182,33,4.8,mb,1986,5,26,17:14:06
116.255,-8.841,119.9,5,mb,1986,5,28,1:45:04
116.583,-10.151,47.2,4.9,mb,1986,6,5,10:08:03
116.796,-10.243,33,4.5,mb,1986,6,5,10:28:39
115.98,-7.727,247.4,4.7,mb,1986,6,13,15:08:24
116.424,-7.659,170.9,4.8,mb,1986,6,30,6:06:19
116.61,-9.466,72.7,4.6,mb,1986,9,18,11:59:34
117.49,-9.445,71.8,4.6,mb,1986,10,31,16:40:49
117.547,-11.578,10,4.2,mb,1986,11,9,8:27:39
117.552,-9.916,33,3.3,mb,1986,11,27,15:53:39
117.441,-10.691,33,3.5,mb,1986,12,20,0:09:47
115.341,-8.43,33,4.3,mb,1986,12,22,20:11:36
114.773,-9.36,33,3.5,mb,1986,12,29,3:52:11
117.843,-8.536,72.5,4.7,mb,1987,1,8,19:41:53
117.457,-11.461,33,5.3,mb,1987,2,13,19:54:16
116.98,-7.679,305.1,5.4,mb,1987,2,25,14:37:05
116.95,-8.837,33,4.1,mb,1987,3,17,23:46:18
114.626,-8.837,33,3.9,mb,1987,3,29,4:19:18
116.675,-8.353,10,5,mb,1987,4,2,11:23:16
116.753,-8.429,33,4.5,mb,1987,4,2,11:42:49
116.646,-8.379,33,3.6,mb,1987,4,2,18:32:37
117.387,-11.672,33,4.6,mb,1987,4,4,17:41:56
117.516,-11.572,33,4.9,mb,1987,4,13,10:34:57
116.352,-8.324,180.2,4.8,mb,1987,4,21,14:12:03
115.997,-7.737,42.4,5.3,mb,1987,5,10,0:37:10
117.515,-11.496,33,4.1,mb,1987,5,28,17:38:47
117.197,-9.832,33,3.8,mb,1987,8,17,5:26:28
117.563,-11.503,33,4.5,mb,1987,8,30,1:11:57
117.185,-11.655,33,3.7,mb,1987,9,16,21:42:02
116.362,-11.561,33,4.3,mb,1987,10,1,0:06:29
117.868,-10.289,33,3.4,mb,1987,10,11,7:43:28
114.556,-9.656,84.6,4.9,mb,1987,11,22,6:29:21
114.61,-9.169,46,6,mw,1987,12,17,20:22:58
116.555,-10.141,33,4.2,mb,1987,12,28,22:15:54
117.869,-11.639,33,4.4,mb,1987,12,29,1:10:02
114.793,-11.478,33,5,mb,1988,1,28,10:40:15
117.296,-8.475,33,4,mb,1988,1,29,11:02:12
117.6,-9.521,33,4.5,mb,1988,2,2,4:29:17
117.289,-10.729,49.2,3.2,mb,1988,2,17,12:18:45
116.742,-9.152,150,4.7,mb,1988,2,26,18:38:12
115.185,-8.61,122.3,4.2,mb,1988,3,28,0:05:05
117.646,-8.784,112.7,4.9,mb,1988,4,5,23:28:17
117.498,-8.823,106.9,5.7,mw,1988,4,8,11:20:51
117.402,-11.593,33,4.8,mb,1988,4,9,17:56:34
116.274,-11.125,40.9,5.5,mw,1988,5,11,17:27:58
116.34,-11.534,33,5.3,mb,1988,5,12,19:47:06
116.098,-11.521,33,5,mb,1988,5,12,20:28:24
117.204,-9.144,96.3,4.8,mb,1988,5,14,17:44:01
117.601,-11.52,33,3.6,mb,1988,5,15,22:37:36
116.173,-11.518,38.1,5.5,mb,1988,6,3,17:41:59
117.252,-11.614,33,4.5,mb,1988,8,5,1:35:37
117.355,-9.467,66.9,5.4,mw,1988,8,15,14:25:24
117.271,-9.985,33,4.5,mb,1988,8,24,4:41:08
116.935,-10.572,33,3.9,mb,1988,10,10,11:50:39
117.071,-10.436,38.6,4.6,mb,1988,10,10,20:50:57
115.976,-7.703,245.2,4.4,mb,1988,10,26,5:58:35
115.331,-7.411,250.7,5,mb,1988,10,30,7:58:55
116.181,-10.383,66.5,4.9,mb,1988,11,16,16:39:39
116.02,-8.228,33,5.1,mb,1988,11,23,5:22:26
116.483,-8.683,117.2,4.4,mb,1988,11,24,20:54:17
115.967,-8.377,33,4.6,mb,1988,11,26,6:35:05
117.379,-11.481,33,4.2,mb,1989,1,8,10:31:42
116.727,-7.895,277.4,4.3,mb,1989,1,10,23:13:05
117.372,-11.543,33,4.8,mb,1989,1,19,10:43:40
115.355,-7.961,228.8,4.7,mb,1989,1,31,16:40:28
117.435,-8.073,213.5,4.8,mb,1989,2,15,3:27:57
116.116,-8.308,172.1,4.4,mb,1989,2,19,21:43:28
117.268,-9.573,33,4.6,mb,1989,2,22,8:25:20
117.448,-8.034,21.4,4.2,mb,1989,2,25,21:50:19
116.29,-8.261,167.7,4.4,mb,1989,3,22,19:14:28
117.06,-7.993,218.9,4.2,mb,1989,3,27,2:22:31
115.512,-8.966,33,4.7,mb,1989,4,22,6:19:37
114.634,-8.489,141.1,4.9,mb,1989,5,19,19:37:45
117.517,-7.865,245.2,5.7,mw,1989,6,9,15:34:11
117.581,-8.112,242,4.6,mb,1989,6,9,16:38:13
116.14,-10.076,55.1,4.9,mb,1989,6,21,0:43:47
117.777,-8.808,33,4.6,mb,1989,7,10,0:22:44
116.045,-9.013,33,4.9,mb,1989,9,3,19:01:25
116.603,-8.955,33,4.6,mb,1989,9,19,2:38:28
115.892,-8.463,33,4.9,mb,1989,9,30,14:42:15
115.337,-8.845,152.5,3.5,mb,1989,11,19,0:08:03
117.826,-10.171,36.3,5.3,mw,1990,1,13,20:03:41
117.697,-9.49,101.5,4.3,mb,1990,1,26,5:02:30
117.612,-8.826,110.2,4.1,mb,1990,2,16,5:13:21
117.44,-11.147,21.9,5.5,mw,1990,3,6,13:30:58
116.848,-9.063,33,4.1,mb,1990,3,25,5:51:38
117.829,-10.029,33,3.4,mb,1990,4,13,18:10:57
114.844,-11.536,33,3.4,mb,1990,4,18,13:22:20
116.172,-7.714,313.9,4.4,mb,1990,5,10,12:36:28
117.63,-8.331,33,4.7,mb,1990,5,13,16:50:56
117.223,-7.912,293.2,3.9,mb,1990,6,17,6:39:59
117.833,-8.971,71.4,5.2,mb,1990,6,22,9:22:40
117.719,-8.243,33,4.4,mb,1990,7,3,18:09:24
117.183,-11.575,33,3.8,mb,1990,7,19,12:26:23
114.61,-9.39,42.7,4.8,mb,1990,7,23,2:58:31
116.683,-9.708,33,3.8,mb,1990,8,25,0:33:59
116.65,-11.623,33,3.4,mb,1990,10,6,21:10:20
117.483,-11.582,33,3.9,mb,1990,10,8,21:48:11
114.607,-10.047,70.3,5.4,mw,1990,10,15,19:50:24
116.511,-9.919,71.7,5.1,mb,1990,11,8,7:06:16
117.573,-11.522,33,4.5,mb,1990,11,9,20:59:49
117.414,-9.481,33,5,mb,1991,2,21,10:38:50
114.896,-9.127,78,4.7,mb,1991,2,24,18:53:12
115.639,-9.499,33,5.4,mb,1991,3,11,1:44:56
114.467,-8.271,33,4.7,mb,1991,4,24,18:31:44
114.673,-9.585,53.7,6.1,mw,1991,7,5,4:30:52
114.608,-9.965,33,4.9,mb,1991,7,5,4:40:12
117.574,-10.613,82.6,4.6,mb,1991,8,6,20:26:29
117.713,-9.544,33,4.1,mb,1991,8,11,4:45:00
116.554,-8.032,182.4,4.5,mb,1991,9,24,4:38:41
115.83,-8.909,101.5,4.7,mb,1991,10,4,22:11:39
117.161,-10.553,50.2,5.4,mw,1991,10,7,19:56:21
117.454,-7.599,312.5,5.1,mb,1991,10,11,10:44:50
117.17,-9.012,96.7,5.5,mw,1991,10,19,8:48:19
115.655,-8.195,148,4.8,mb,1991,10,21,11:40:45
116.707,-10.285,50.8,4.3,mb,1991,11,6,14:57:23
117.865,-8.405,33,4.5,mb,1991,11,10,23:25:08
117.79,-8.588,33,4.4,mb,1991,11,15,6:22:53
116.706,-8.868,161.2,4.9,mb,1991,11,17,4:34:50
116.242,-11.612,33,4.2,mb,1991,11,22,20:32:10
116.78,-8.476,33,4.2,mb,1991,12,19,18:28:36
117.622,-8.008,70.5,4.3,mb,1991,12,31,16:13:24
117.606,-9.406,33,4.7,mb,1992,2,15,11:42:44
116.229,-8.135,199.7,5.2,mb,1992,2,20,22:48:43
117.464,-7.751,280.3,5.6,mw,1992,3,24,17:19:30
114.734,-8.345,17.2,5.2,mb,1992,3,30,13:42:17
117.141,-11.662,33,3.7,mb,1992,4,6,23:50:40
117.474,-9.923,33,3.2,mb,1992,4,9,12:44:51
116.244,-8.785,33,4,mb,1992,4,13,21:29:23
117.027,-9.777,38,5.1,mb,1992,5,17,13:43:02
117.604,-8.748,143.4,5.5,mwb,1992,5,21,18:05:52
114.931,-11.083,33,4.6,mb,1992,6,2,21:41:04
117.603,-11.37,33,4.5,mb,1992,6,11,1:26:48
114.748,-9.598,45.4,4.7,mb,1992,6,25,13:07:06
117.658,-9.369,86.3,3.7,mb,1992,8,4,18:35:14
117.833,-7.631,33,4.4,mb,1992,9,23,18:10:18
117.093,-10.022,26.9,5.6,mw,1992,10,18,0:58:05
117.149,-11.549,33,4.7,mb,1992,10,29,8:53:57
116.915,-10.597,42.8,4.6,mb,1992,11,12,0:13:34
117.134,-9.282,33,4.5,mb,1992,11,12,4:01:09
114.962,-11.475,33,5,mb,1992,11,15,15:57:07
116.463,-7.866,35.8,5,mb,1992,12,16,5:07:58
117.389,-11.538,33,4.6,mb,1993,1,20,0:29:29
114.733,-11.06,33,4.7,mb,1993,1,27,12:11:08
117.392,-7.784,280.1,5.2,mw,1993,2,17,5:59:49
115.06,-9.024,86.4,4.9,mb,1993,3,10,16:09:38
117.091,-11.611,33,4,mb,1993,4,13,10:28:37
114.66,-10.805,33,4.6,mb,1993,5,20,2:04:51
117.31,-10.389,33,3.9,mb,1993,6,3,13:48:03
116.439,-9.014,33,4.3,mb,1993,6,17,4:05:47
115.873,-9.177,88.4,5.1,mw,1993,6,27,15:32:59
117.881,-8.192,24,5.2,mb,1993,9,17,21:20:20
114.471,-9.763,33,4.3,mb,1993,10,3,18:12:11
115.23,-11.221,33,4.9,mb,1993,10,14,13:11:39
116.891,-11.517,33,5,mb,1993,11,14,7:10:24
117.332,-11.594,33,4.8,mb,1993,12,18,1:11:26
116.151,-10.926,33,5.1,mb,1994,1,9,2:56:57
114.699,-8.746,115.2,5,mb,1994,1,16,19:12:58
117.664,-11.383,33,4.9,mb,1994,1,18,20:04:31
117.182,-8.415,33,4.7,mb,1994,3,7,17:07:26
117.779,-11.59,33,4.7,mb,1994,4,17,8:39:59
117.446,-8.057,33,4.4,mb,1994,5,16,4:26:51
115.888,-11.054,33,4.1,mb,1994,5,25,20:06:04
114.559,-9.614,33,4.5,mb,1994,6,4,11:00:17
114.77,-10.425,166.1,4.6,mb,1994,6,5,6:50:51
116.775,-10.329,33,4.9,mb,1994,6,22,14:36:11
117.005,-10.422,48.6,5.1,mb,1994,8,2,7:37:52
116.76,-8.557,95.5,4.1,mb,1994,9,23,13:53:20
116.763,-8.297,33,5,mb,1994,10,7,23:26:38
115.871,-9.392,105.9,4.6,mb,1994,10,14,2:38:40
114.896,-8.278,178.2,4.5,mb,1994,10,22,23:21:04
115.733,-8.354,33,3.7,mb,1994,11,6,9:22:35
115.649,-8.467,133.8,5,mb,1994,12,1,3:55:07
116.443,-9.107,33,4,mb,1994,12,5,7:07:08
117.205,-11.551,33,4.2,mb,1994,12,14,22:11:13
116.816,-11.632,33,4.7,mb,1995,1,4,14:19:12
117.111,-9.231,33,4.2,mb,1995,1,7,18:37:28
117.12,-10.764,33,4.9,mb,1995,1,19,9:19:57
116.833,-8.4,33,4.1,mb,1995,1,21,20:07:59
116.272,-11.491,33,4.5,mb,1995,3,5,1:48:31
117.851,-8.15,33,4.6,mb,1995,3,18,20:26:33
116.494,-8.012,231.8,5.8,mw,1995,3,20,8:14:51
115.703,-8.96,101.9,4.8,mb,1995,4,5,5:39:38
117.661,-8.418,33,4.1,mb,1995,4,20,0:23:00
117.73,-8.121,33,4,mb,1995,5,8,4:05:01
116.78,-11.219,33,4,mb,1995,5,16,10:13:57
117.729,-8.091,33,3.9,mb,1995,5,20,15:10:00
115.345,-11.363,33,4,mb,1995,6,7,16:19:27
117.738,-9.428,88.8,4.6,mb,1995,6,17,5:17:18
117.725,-8.202,33,4.2,mb,1995,6,23,14:29:25
116.757,-9.526,33,4.1,mb,1995,6,27,20:05:25
115.776,-8.769,33,4.4,mb,1995,8,1,6:23:18
117.765,-8.292,33,4.2,mb,1995,8,20,17:22:36
117.747,-8.239,33,4.2,mb,1995,8,27,11:51:47
117.078,-10.608,33,3.3,mb,1995,9,1,9:43:10
114.805,-11.569,33,3.9,mb,1995,9,11,6:27:52
115.188,-9.659,33,4,mb,1995,9,15,2:47:44
117.169,-11.639,33,3.4,mb,1995,10,24,20:40:47
114.777,-8.25,53.4,3.7,mb,1995,10,31,13:11:13
117.702,-11.503,33,4,mb,1995,11,23,7:29:45
116.83,-7.56,267.3,4.4,mb,1995,11,25,22:50:10
115.773,-10.531,33,4,mb,1995,11,27,12:10:26
116.614,-8.606,46.7,3.9,mb,1995,11,30,17:45:59
116.901,-8.245,33,4.9,mb,1995,12,1,6:23:11
114.928,-8.13,33,4,mb,1995,12,2,8:52:43
117.645,-7.627,320.4,4.6,mb,1995,12,12,18:38:41
117.82,-8.126,231.4,4.1,mb,1995,12,17,14:50:53
114.8,-11.21,10,3.9,mb,1995,12,24,22:05:40
115.054,-9.896,33,4.2,mb,1995,12,27,1:01:54
115.056,-10.043,33,4.2,mb,1995,12,27,21:27:25
115.652,-9.035,33,4.3,mb,1995,12,29,7:14:57
117.668,-11.467,33,4.4,mb,1996,1,15,0:06:27
117.851,-8.196,10,4.1,mb,1996,1,22,8:22:31
117.41,-7.871,10,3.6,mb,1996,1,25,12:02:45
115.604,-8.587,116.5,4.2,mb,1996,2,3,19:53:55
117.318,-7.646,298.1,4.4,mb,1996,3,22,5:27:52
116.881,-8.645,141.1,4.9,mb,1996,3,29,13:23:40
114.949,-8.012,208.3,3.5,mb,1996,4,7,5:24:16
117.672,-11.456,33,4,mb,1996,4,15,6:56:36
117.188,-9.145,33,4.1,mb,1996,4,16,21:11:13
115.639,-8.262,196.1,4.7,mb,1996,5,4,0:19:05
115.281,-8.063,100,4,mb,1996,5,17,2:38:32
117.684,-9.287,33,4.2,mb,1996,5,17,8:27:34
115.546,-10.145,33,4.3,mb,1996,5,27,3:07:17
117.804,-7.98,33,4.1,mb,1996,5,27,8:04:38
115.782,-8.74,33,4.2,mb,1996,5,28,18:14:02
114.643,-8.012,33,4.1,mb,1996,6,18,9:15:42
114.666,-8.264,33,4.6,mb,1996,6,19,12:07:05
116.558,-8.365,33,4.6,mb,1996,6,25,5:19:09
117.861,-9.923,33,3.6,mb,1996,6,26,1:32:52
114.65,-8.934,100,4.8,mb,1996,7,5,12:00:52
114.675,-8.655,33,5.1,mb,1996,7,20,23:44:34
116.093,-9.516,33,4.4,mb,1996,8,9,4:54:29
117.354,-10.516,33,4.3,mb,1996,8,9,10:17:26
117.631,-11.31,33,4.1,mb,1996,8,22,20:50:08
117.691,-8.224,33,4.3,mb,1996,10,1,3:03:09
117.57,-9.741,33,4.3,mb,1996,10,18,9:49:49
117.301,-7.558,301.8,5.8,mwb,1996,11,2,0:08:50
116.717,-7.862,263,4.4,mb,1996,11,13,16:05:00
115.606,-10.621,56.4,4,mb,1996,12,5,10:06:03
116.894,-11.284,32.1,4.5,mb,1996,12,11,11:04:23
116.519,-8.038,182.3,4.2,mb,1996,12,20,14:54:07
115.482,-11.541,33,4.8,mb,1996,12,31,6:15:53
114.855,-8.291,33,3.8,mb,1997,1,9,13:32:02
114.847,-8.595,76.2,4.8,mb,1997,1,31,18:06:44
116.725,-8.228,33,3.7,mb,1997,2,3,22:20:25
115.135,-7.834,203.9,4.6,mb,1997,2,4,6:10:27
116.514,-10.165,33,4.2,mb,1997,2,14,21:14:44
117.413,-7.782,274.4,5.6,mwc,1997,2,15,12:11:14
117.262,-7.587,401.3,4.1,mb,1997,2,23,10:40:35
117.635,-7.842,33,5.1,mwc,1997,3,3,18:06:38
117.818,-8.154,33,4,mb,1997,3,21,19:14:16
117.845,-8.042,222.4,4.6,mb,1997,4,9,19:06:36
117.728,-9.743,114.8,4.5,mb,1997,7,7,5:01:10
116.825,-11.154,33,4.5,mb,1997,7,17,7:46:11
114.5,-11.104,50,3.8,mb,1997,7,18,5:31:15
116.786,-8.324,33,4.7,mb,1997,7,23,16:18:30
117.776,-11.452,33,3.5,mb,1997,7,24,15:22:08
117.085,-7.569,316.9,4.9,mb,1997,7,26,12:47:35
117.553,-11.278,33,3.7,mb,1997,8,4,5:03:17
117.021,-10.75,33,3.9,mb,1997,8,6,9:11:15
116.398,-11.668,33,4.3,mb,1997,8,26,10:08:10
117.457,-8.598,128.3,4.8,mb,1997,8,30,10:28:54
117.831,-7.516,230.5,4.2,mb,1997,9,18,0:12:32
117.483,-9.475,33,3.8,mb,1997,9,30,12:13:32
117.565,-8.478,165.8,4.1,mb,1997,10,8,16:32:07
117.427,-11.545,33,4.2,mb,1997,10,16,10:06:19
117.017,-8.666,160,5.7,mwc,1997,10,23,1:16:01
116.759,-11.596,33,3.8,mb,1997,10,27,21:54:00
117.876,-8.095,33,4.6,mb,1997,11,6,1:17:28
116.473,-10.199,33,4.2,mb,1997,11,9,0:00:38
115.592,-9.11,33,4,mb,1997,11,9,17:24:55
116.857,-7.682,197.6,4.4,mb,1997,11,11,10:29:07
116.509,-7.986,33,4,mb,1997,11,25,15:46:04
114.606,-8.68,128.1,4,mb,1997,11,28,1:17:13
115.361,-8.934,33,3.9,mb,1997,12,13,1:21:33
117.749,-8.006,33,4.1,mb,1997,12,19,18:23:59
115.859,-8.382,10,3.3,mb,1998,1,4,5:30:33
117.17,-7.653,33,4.4,ml,1998,1,5,6:16:59
117.841,-11.615,40.6,3.8,mb,1998,1,8,11:16:32
116.793,-8.555,195.1,3.7,mb,1998,1,16,8:37:10
116.235,-10.69,33,3.3,mb,1998,1,23,19:18:31
114.937,-8.22,28.7,3.7,mb,1998,1,26,13:57:45
117.071,-9.806,76.5,4.8,mb,1998,3,7,13:14:22
117.1,-10.113,33,3.2,mb,1998,3,9,8:52:58
115.094,-8.81,65.6,3.3,mb,1998,3,11,15:33:47
116.037,-11.55,33,3.4,mb,1998,3,20,15:13:42
115.9,-11.613,33,3.6,mb,1998,3,20,15:59:36
116.001,-10.605,33,3.6,mb,1998,3,22,5:12:35
115.9,-9.05,80,3.1,mb,1998,3,29,13:15:46
117.447,-10.623,33,4.4,mb,1998,4,6,7:20:30
116.806,-11.497,33,4.1,mb,1998,4,18,13:01:42
116.645,-9.792,33,4.1,mb,1998,4,27,22:16:59
117.854,-9.863,100,3.2,mb,1998,4,28,5:36:24
117.287,-7.395,83.7,4.4,mb,1998,5,2,2:35:09
117.624,-10.637,33,3.1,mb,1998,5,8,15:12:45
115.965,-11.224,33,3.5,mb,1998,5,14,16:36:22
117.452,-7.654,130.2,4.6,mb,1998,5,27,11:16:39
117.556,-7.988,235.7,4.8,mb,1998,5,29,20:42:46
117.844,-7.988,33,3.1,mb,1998,6,1,14:31:51
116.474,-10.302,33,3.5,mb,1998,6,9,5:34:29
114.571,-11.196,33,4.2,mb,1998,6,22,19:11:04
117.114,-9.145,112,4.8,mb,1998,6,23,7:39:29
115.954,-8.428,33,3.9,mb,1998,6,29,6:12:13
117.51,-8.758,100,3.9,mb,1998,7,2,22:08:56
117.602,-11.486,33,4.5,mb,1998,7,26,20:56:26
115.152,-8.832,127,4.2,mb,1998,8,3,1:26:39
116.745,-10.941,33,4.4,mb,1998,8,10,4:33:52
117.029,-9.202,55.3,4.4,mb,1998,8,25,8:32:33
117.673,-11.393,33,4,mb,1998,9,24,20:04:07
117.248,-11.61,33,3.1,mb,1998,10,3,18:04:28
115.64,-7.461,284,3.9,mb,1998,10,10,23:01:06
116.954,-9.034,33,4.2,mb,1998,10,12,22:49:17
117.691,-7.849,33,3,mb,1998,10,23,1:22:02
115.605,-8.978,112.1,4.5,mb,1998,10,25,19:22:21
116.881,-8.299,20.5,4.2,mb,1998,10,30,6:28:15
115.636,-9.901,33,3.6,mb,1998,11,4,16:02:32
117.236,-7.626,271.7,4.4,mb,1998,11,23,0:22:36
117.603,-10.546,33,3.4,mb,1998,11,27,4:30:27
115.251,-8.22,24.1,4.4,mb,1998,11,27,19:21:02
115.193,-8.228,10,3.5,ml,1998,11,27,19:39:20
115.195,-8.232,10,3.1,ml,1998,11,27,19:43:40
115.196,-8.228,10,3.4,ml,1998,11,27,19:45:22
117.779,-8.005,33,4.3,mb,1998,12,24,7:17:31
117.822,-10.758,33,4.2,mb,1999,1,1,3:02:30
117.687,-9.341,33,3.3,mb,1999,1,13,4:45:52
115.791,-10.64,33,4.3,mb,1999,1,16,13:05:45
117.374,-7.597,307.7,4.4,mb,1999,1,22,22:43:00
117.237,-11.576,33,4.2,mb,1999,1,31,8:27:05
117.855,-8.241,176.2,4.6,mb,1999,2,4,12:57:24
116.673,-10.439,33,4,mb,1999,2,6,7:57:44
117.297,-9.558,33,4,mb,1999,2,10,14:34:25
117.826,-8.115,33,5.4,mwc,1999,2,20,17:17:08
115.668,-8.173,189.4,4.4,mb,1999,5,14,12:07:28
116.436,-9.408,33,4.2,mb,1999,5,14,18:00:52
114.766,-8.772,120.8,4,mb,1999,5,20,3:52:07
117.81,-9.812,37.1,4.9,mb,1999,5,20,12:16:56
117.238,-8.371,130.5,4.7,mb,1999,5,23,7:43:06
116.382,-7.722,298.2,4.7,mb,1999,8,28,20:29:58
116.229,-9.923,77.8,5.1,mwc,1999,8,31,15:21:59
117.779,-11.559,33,3.8,mb,1999,10,9,8:04:50
116.183,-9.089,108.1,3.9,mb,1999,10,19,14:55:36
117.746,-9.092,111.8,4.7,mb,1999,10,20,16:43:45
115.2,-8.29,27,3.7,ml,1999,10,31,2:23:04
114.877,-11.009,33,3.3,mb,1999,11,1,3:56:45
116.463,-10.471,51.4,4.2,mb,1999,11,4,20:56:43
117.774,-7.929,33,4.9,mb,1999,11,7,13:29:17
115.449,-9.044,92.1,3.7,mb,1999,11,21,15:33:08
117.051,-11.346,33,3.9,mb,1999,11,26,1:10:51
116.07,-9.769,33,4.1,mb,2000,1,4,21:07:28
116.071,-8.293,33,5.4,mwc,2000,1,6,4:31:58
116.998,-11.398,33,5.3,mwc,2000,1,8,6:26:31
116.188,-7.851,252.5,4.3,mb,2000,1,26,1:40:49
116.27,-8.906,80.3,4.9,mb,2000,2,1,12:39:41
117.191,-11.374,33,4.5,mb,2000,4,3,1:08:30
117.297,-7.898,281,4.2,mb,2000,4,8,10:24:32
117.595,-8.477,33,4.6,mb,2000,4,27,3:54:43
117.439,-11.321,45.9,4.6,mb,2000,5,5,4:35:24
116.572,-11.349,33,4.7,mb,2000,6,10,3:58:46
115.983,-9.589,61.2,4.6,mb,2000,6,12,22:25:59
116.974,-7.566,335,4.2,mb,2000,7,7,0:15:36
117.544,-9.49,80.6,4.7,mb,2000,8,19,4:58:55
117.64,-9.5,75.7,4.7,mb,2000,8,25,1:14:09
116.767,-9.524,33,4.1,mb,2000,12,6,13:55:28
117.02,-7.785,344.4,4.3,mb,2001,4,12,1:13:17
117.399,-8.035,233.8,4.6,mb,2001,4,28,13:18:06
117.058,-7.637,300,4.5,mb,2001,5,28,10:30:16
115.951,-8.429,33,4.3,mb,2001,6,1,4:39:55
117.633,-8.543,127.5,5,mb,2001,8,26,3:49:58
117.601,-8.865,148.2,4.4,mb,2001,8,30,20:39:21
115.904,-10.182,33,4.9,mb,2001,9,14,11:15:35
115.042,-11.375,10,5.6,mwc,2001,9,20,2:01:51
115.121,-11.426,33,4.9,mb,2001,9,20,3:48:44
115.061,-11.383,33,4.6,mb,2001,9,23,23:12:45
115.107,-11.383,35.8,4.7,mb,2001,9,30,13:25:24
117.393,-7.516,313,4.9,mb,2001,9,30,19:23:29
116.293,-11.433,36.8,4.9,mb,2001,10,14,15:27:56
117.145,-7.551,294.6,5.2,mwc,2001,10,23,16:22:17
117.837,-8.205,15.4,4.6,mb,2001,11,1,0:47:45
117.14,-10.187,41.3,4.5,mb,2001,12,16,4:06:20
116.35,-9.303,33,4.2,mb,2001,12,24,16:11:14
117.112,-11.422,33,5,mwc,2001,12,28,0:10:28
117.608,-8.354,33,4.6,md,2002,1,16,2:06:35
117.661,-8.329,33,4.7,mb,2002,1,18,2:26:28
116.177,-10.279,59.1,4.3,mb,2002,2,10,6:06:16
117.479,-7.678,300,4.2,mb,2002,2,12,20:48:35
116.879,-8.712,33,4.6,mb,2002,2,24,6:31:08
115.211,-9.518,15,3.8,ml,2002,3,6,3:37:11
117.814,-8.151,33,4.2,mb,2002,3,15,13:48:35
115.851,-9.437,2,3.9,ml,2002,3,27,8:42:02
116.696,-10.609,33,4.1,mb,2002,3,27,17:16:34
115.62,-8.284,2,3,ml,2002,4,4,7:58:59
117.599,-7.793,282.2,4.3,mb,2002,4,11,16:27:31
114.977,-8.84,33,4,ml,2002,4,14,17:00:23
115.847,-8.825,132.4,4.3,mb,2002,5,8,1:42:50
114.521,-9.102,33,4.1,mb,2002,5,28,21:53:04
115.496,-9.329,75.5,4.4,mb,2002,6,10,16:34:27
117.765,-8.097,33,4.7,mb,2002,6,22,10:41:40
116.946,-11.356,33,4.4,mb,2002,7,3,4:41:02
114.919,-9.929,33,4.2,ml,2002,7,13,15:28:09
115.262,-11.337,33,5.1,mwc,2002,7,15,19:16:07
117.4,-10.433,33,4.6,mb,2002,7,22,20:22:51
117.627,-10.157,33,4.1,mb,2002,7,23,3:13:10
117.455,-9.787,51.1,4.5,mb,2002,8,16,2:39:09
117.369,-7.719,293.9,4.4,mb,2002,8,22,4:16:19
115.096,-11.465,33,4.2,mb,2002,9,9,20:26:19
117.786,-8.126,28,4.3,mb,2002,9,12,4:50:00
116.455,-7.672,300,4.4,mb,2002,9,14,4:12:03
114.947,-8.688,111.4,4,mb,2002,9,14,13:27:11
117.27,-9.197,131.1,4.1,mb,2002,9,28,3:23:26
117.549,-11.498,33,4.5,mb,2002,9,29,9:59:46
115.663,-7.526,315.8,6,mwc,2002,10,3,19:05:10
117.875,-11,33,4.5,mb,2002,10,5,4:21:33
115.361,-9.526,15,3.4,ml,2002,10,27,10:01:36
116.825,-8.499,97,4.9,mb,2002,11,11,9:19:35
117.103,-11.524,33,4.1,mb,2002,11,12,23:31:36
117.28,-9.542,59.5,5.1,mwc,2002,11,21,16:56:37
117.26,-11.238,19.2,5.5,mwc,2002,12,1,14:37:23
117.396,-11.256,33,4.5,mb,2002,12,2,23:55:00
117.388,-9.397,51.7,4.2,mb,2002,12,12,15:06:16
117.047,-8.281,33,4.2,mb,2003,1,1,1:13:12
117.385,-8.493,182.9,4.5,md,2003,1,2,2:27:29
117.788,-8.747,41.3,5.5,mwc,2003,1,3,1:34:13
117.078,-7.807,350,3.9,mb,2003,1,6,18:55:58
114.556,-8.962,15,3.6,ml,2003,3,9,12:26:59
117.185,-10.211,33.6,5.6,mwc,2003,3,20,16:33:10
117.05,-10.321,33,5,mwc,2003,3,20,17:15:13
116.656,-9.05,64.2,4.4,mb,2003,3,26,13:31:21
117.237,-8.306,33,4.5,mb,2003,4,6,6:58:20
115.441,-9.031,86.6,4.6,mb,2003,4,14,11:51:18
114.816,-8.671,111.5,4.6,md,2003,4,18,1:18:30
117.501,-9.45,33,4.3,mb,2003,6,1,17:49:20
117.251,-7.482,300,4.4,mb,2003,6,9,0:53:43
117.244,-7.932,33,4.1,mb,2003,7,27,7:36:41
116.808,-7.772,276,4.4,mb,2003,9,2,8:35:25
117.268,-11.628,33,4.1,mb,2003,9,14,11:54:25
117.081,-7.59,300,4,mb,2003,11,19,11:17:37
117.883,-8.123,33,4.4,mb,2003,12,11,22:44:23
115.788,-8.31,44.5,5.8,mwb,2004,1,1,20:59:31
115.886,-7.852,255.2,4.7,mb,2004,1,14,6:25:15
117.851,-8.932,71.3,4.5,mb,2004,2,11,17:17:32
117.6,-9.046,53.5,4,mb,2004,2,11,17:55:22
115.368,-7.804,222.1,4.3,mb,2004,2,19,5:25:46
116.741,-7.569,315.8,4,mb,2004,2,24,19:20:23
115.379,-8.569,104.3,4.6,mb,2004,3,1,23:48:49
115.616,-8.23,9,4.7,mb,2004,3,4,13:40:16
115.206,-8.236,15,3.6,ml,2004,3,20,17:42:26
117.512,-7.575,298.7,3.7,mb,2004,3,28,11:50:03
114.883,-9.699,33,3.9,ml,2004,4,7,4:01:23
115.843,-8.413,21.5,3.6,ml,2004,4,11,22:26:34
114.65,-8.669,95.5,5.5,mwc,2004,4,16,18:32:24
114.633,-8.663,107.4,4.9,mwc,2004,4,26,16:05:45
114.7,-8.598,106.7,4.7,mb,2004,4,26,16:13:19
114.448,-9.033,80.8,5,mb,2004,5,5,2:20:47
117.344,-8.693,49.9,4,mb,2004,5,5,11:16:59
117.324,-7.607,287.8,4.2,mb,2004,5,5,19:51:43
115.236,-9.735,33,3.6,ml,2004,5,9,1:12:54
115.682,-9.656,65.5,4.5,mb,2004,5,11,14:47:18
115.071,-9.606,22.8,3.6,ml,2004,5,22,17:24:33
114.491,-8.175,33,4.3,ml,2004,5,23,13:12:28
117.342,-8.919,108.9,4.4,mb,2004,6,2,18:42:55
114.649,-9.5,75,4.3,mb,2004,7,8,12:31:32
117.451,-8.344,29.6,4.6,mb,2004,8,7,3:25:53
115.492,-8.073,33,3.3,ml,2004,8,17,15:55:53
116.885,-9.612,64,3.9,mb,2004,8,18,23:08:57
117.632,-9.294,95.9,4.8,mb,2004,8,19,6:03:52
116.996,-9.466,93.8,4.1,mb,2004,8,19,19:00:26
116.838,-9.159,119.1,4,mb,2004,8,20,4:08:48
117.273,-7.585,306.2,4.1,mb,2004,8,26,14:46:46
115.639,-8.588,33,4.1,ml,2004,8,31,0:06:19
115.357,-8.773,98.4,5.4,mwc,2004,9,15,8:35:10
117.39,-10.205,89.1,3.7,mb,2004,9,24,14:48:36
116.726,-11.044,21.3,4.1,mb,2004,9,30,8:43:30
116.742,-8.018,374.5,4.1,mb,2004,10,6,16:33:46
117.583,-8.126,86.6,4,mb,2004,11,6,15:09:43
115.863,-10.55,42.9,4.5,mb,2004,11,7,12:42:57
116.223,-10.31,10,4.4,mb,2004,12,5,21:50:52
117.352,-9.658,83.2,3.9,mb,2005,1,7,23:39:10
116.382,-8.942,117.3,4.8,mb,2005,2,2,14:00:49
116.456,-8.412,15,4.3,mb,2005,2,6,14:27:54
115.74,-8.866,30,4.3,mb,2005,2,9,1:15:38
114.774,-8.688,37.4,4.3,mb,2005,2,15,14:00:04
115.647,-8.44,10,4.4,mb,2005,3,1,1:46:09
115.262,-9.616,30,4.2,mb,2005,3,2,1:49:10
115.236,-9.895,48.6,4.5,mb,2005,3,5,21:22:47
115.675,-9.104,87.4,4.4,mb,2005,3,11,5:09:57
117.575,-7.911,28,4.8,mwc,2005,3,16,7:40:03
116.099,-8.875,228.8,3.9,mb,2005,3,19,10:40:10
116.802,-8.671,167.1,4.4,mb,2005,4,3,20:01:04
115.292,-9.519,33,3.8,ml,2005,4,4,1:02:18
114.455,-11.407,10,4,mb,2005,4,12,15:48:55
117.798,-11.529,40,4.4,mb,2005,4,23,5:47:37
115.205,-10.537,26.5,5,mb,2005,4,25,8:08:05
117.329,-8.143,10,4,mb,2005,5,10,20:50:02
117.56,-8.356,26.6,5.1,mwc,2005,5,16,3:27:51
117.512,-8.315,41.7,5.3,mwb,2005,5,16,23:12:02
117.748,-7.948,20,4.1,mb,2005,5,17,1:12:08
117.636,-8.384,33.5,4.8,mwc,2005,5,17,7:16:35
115.04,-10.653,30,4.5,mb,2005,5,18,18:07:49
115.25,-10.484,43.8,4,mb,2005,5,22,14:33:01
117.611,-8.271,10,4.3,mb,2005,5,23,15:45:07
116.655,-10.181,45.4,4.7,mb,2005,6,20,1:52:32
116.491,-10.176,42.8,4.7,mb,2005,7,17,4:20:40
117.271,-8.178,187.2,5.3,mwc,2005,8,13,3:10:06
116.209,-9.483,45.4,4.8,mb,2005,9,11,12:48:50
116.097,-9.563,30,4.6,mb,2005,9,12,13:34:51
117.684,-9.398,25,4.7,mb,2005,9,18,22:13:38
116.415,-8.245,15,4.5,mb,2005,10,2,17:02:46
117.2,-9.527,3,4.5,mb,2005,10,13,7:44:42
117.361,-9.36,25,5.3,mwc,2005,10,20,23:15:57
117.476,-9.379,110.3,4.2,mb,2005,10,21,14:17:39
117.668,-8.229,22.2,4.7,mb,2005,11,9,17:09:00
117.376,-11.27,40,4.9,mb,2005,11,13,6:37:00
115.512,-8.712,10,4.1,mb,2005,11,25,0:10:54
115.844,-7.807,262.7,4.1,mb,2005,11,26,2:38:24
116.639,-7.432,362.3,4.2,mb,2005,12,3,10:06:04
117.73,-8.826,211.1,4.6,mb,2005,12,6,6:41:27
117.663,-11.243,39,4.5,mb,2005,12,29,5:36:49
117.208,-9.516,36.7,4.5,mb,2006,2,11,8:48:09
117.569,-9.966,33.8,4.7,mb,2006,2,15,0:48:51
117.335,-10.075,40,4.5,mb,2006,2,15,1:17:03
115.776,-8.528,10,3.7,mb,2006,2,18,10:20:24
116.368,-8.056,219.5,3.9,mb,2006,3,4,10:28:15
116.821,-8.895,150,4.1,mb,2006,3,9,5:39:13
117.114,-7.941,276,4.1,mb,2006,3,19,10:33:04
117.456,-11.309,51,4.4,mb,2006,4,5,3:19:42
116.746,-9.9,35,3.9,mb,2006,4,11,1:02:41
116.538,-11.205,35,4.2,mb,2006,4,23,22:10:43
116.176,-8.899,37.4,4.2,mb,2006,4,26,8:35:46
114.652,-10.058,25,4.2,mb,2006,5,2,8:33:02
115.38,-10.529,32.5,4.9,mb,2006,5,6,8:08:45
115.316,-10.557,32.3,4.6,mb,2006,5,6,8:22:01
114.591,-10.995,30,3.7,mb,2006,5,7,1:24:35
117.615,-7.607,377.1,4.1,mb,2006,5,11,21:16:00
116.024,-11.243,10,4.8,mwc,2006,5,11,22:58:12
116.008,-11.225,31.8,4.7,mb,2006,5,11,23:20:50
115.981,-11.227,25,4.7,mwc,2006,5,11,23:23:03
116.105,-11.151,35,4.4,mb,2006,5,11,23:25:49
116.161,-11.228,35,4,mb,2006,5,11,23:56:16
116.032,-11.215,35,4.1,mb,2006,5,12,0:11:04
116.01,-11.258,25.1,4.3,mb,2006,5,12,1:12:32
116.005,-11.259,10,4.8,mb,2006,5,12,1:58:47
116.053,-11.247,24.9,4.2,mb,2006,5,13,2:18:25
116.009,-11.241,33.7,4.9,mb,2006,5,14,1:20:06
115.462,-10.461,35.4,4.2,mb,2006,5,14,21:12:08
115.719,-7.666,332.5,3.2,mb,2006,5,19,23:35:41
117.057,-11.239,52.9,5,mb,2006,5,20,18:42:46
116.329,-8.991,16.3,4.1,mb,2006,6,23,6:56:58
117.17,-7.808,348.5,4.1,mb,2006,6,24,13:04:35
114.746,-9.642,40,4,mb,2006,6,25,16:36:52
115.546,-10.92,20,4.6,mb,2006,7,5,18:26:44
117.076,-8.242,47.6,4.4,mb,2006,7,7,16:41:34
116.235,-9.585,35,4,mb,2006,7,14,11:18:40
115.438,-7.464,317.2,4.4,mb,2006,7,18,8:49:05
116.85,-11.167,15,5.9,mwc,2006,8,2,14:45:04
116.672,-8.887,10,4.3,mb,2006,8,18,15:00:25
116.96,-11.427,35,4.6,mb,2006,11,8,11:16:59
115.06,-8.83,80,4.5,mb,2006,11,9,7:07:36
117.535,-7.66,340.7,4.2,mb,2006,11,10,22:18:15
115.13,-10.943,30,4.1,mb,2006,11,12,7:38:10
117.824,-8.935,153.8,4.7,mb,2006,11,29,12:12:46
117.589,-11.19,43.1,4.3,mb,2006,11,30,17:39:47
117.518,-7.649,310.2,4.6,mb,2006,12,3,8:17:00
114.411,-8.615,35,4.3,mb,2006,12,16,0:10:57
115.849,-7.807,249.5,4.2,mb,2006,12,25,18:24:36
117.032,-9.468,35,4.3,mb,2007,1,27,23:22:09
117.356,-7.629,346.4,3.9,mb,2007,2,24,18:05:31
114.564,-8.57,57.3,4,mb,2007,3,8,2:47:09
116.76,-8.616,10,4.3,mb,2007,3,12,6:36:57
117.863,-8.128,10,5.6,mwc,2007,3,13,9:05:43
117.87,-8.138,3.3,4.8,mb,2007,3,13,9:41:57
117.805,-10.305,66,4.3,mb,2007,3,20,1:15:31
115.684,-8.232,35,3.8,mb,2007,4,19,15:30:46
117.363,-8.468,35,4.3,mb,2007,5,14,23:07:13
117.779,-9.366,57.9,5,mwc,2007,5,26,6:07:23
116.756,-11.026,10,4.7,mb,2007,6,22,10:43:01
117.491,-8.16,200.7,4.7,mb,2007,6,28,15:50:45
115.062,-11.042,41.2,4.7,mb,2007,7,7,15:51:25
116.232,-9.569,35,3.6,mb,2007,7,26,0:28:52
117.077,-10.165,35,3.1,mb,2007,7,29,17:43:27
114.867,-8.903,37.9,3.8,ml,2007,8,25,12:50:52
117.654,-10.33,87,4.5,mb,2007,9,8,2:01:52
115.433,-9.321,35,4.4,mb,2007,9,15,15:56:58
117.006,-10.378,35,5.7,mwc,2007,9,20,9:29:18
116.811,-8.285,10,5.7,mwb,2007,10,4,14:28:35
117.294,-10.166,84.6,4.6,mb,2007,10,8,9:23:20
115.803,-8.143,193.9,4.2,mb,2007,10,8,22:02:02
114.568,-9.015,35,4.2,mb,2007,10,16,8:22:08
117.414,-9.345,66.4,4.7,mb,2007,11,6,10:56:58
117.14,-10.844,78.8,4.1,mb,2007,11,6,21:13:08
116.779,-8.766,156.8,3.8,mb,2007,11,15,2:33:50
117.547,-7.618,301.5,3.4,mb,2007,11,17,11:32:25
117.576,-9.861,35,3,mb,2007,11,23,10:05:37
114.563,-8.287,10,4.1,mb,2007,11,28,12:40:38
116.795,-8.235,35,4.4,mb,2007,12,9,23:26:25
117.107,-9.648,19.3,3.4,mb,2007,12,21,23:54:14
116.726,-7.829,276.7,3.9,mb,2007,12,26,21:21:40
116.578,-7.867,288,3.8,mb,2007,12,28,2:17:36
115.778,-9.046,77,4,mb,2007,12,31,2:31:59
114.399,-9.138,35.6,4.9,mb,2007,12,31,9:36:05
117.708,-8.37,177.7,4.4,mb,2008,1,1,18:42:34
114.455,-9.594,83.2,4.7,mb,2008,1,2,17:32:55
114.636,-9.239,77.5,3.8,mb,2008,1,10,17:47:00
117.314,-7.66,296.2,4.3,mb,2008,1,22,5:51:33
117.733,-8.486,10,3.6,mb,2008,2,6,14:11:57
116.819,-7.582,321.7,5.7,mwc,2008,2,7,20:58:18
115.584,-7.825,246.1,4.7,mb,2008,2,8,14:53:05
117.46,-11.283,29.8,4.4,mb,2008,2,10,23:50:42
116.769,-7.599,320.7,3.7,mb,2008,2,11,3:25:13
117.601,-8.07,232.9,4.6,mb,2008,2,25,21:03:45
116.903,-9.407,30,4,mb,2008,3,3,12:33:26
114.809,-11.281,35,3.8,mb,2008,3,5,14:50:41
117.21,-8.31,44.3,4.9,mwc,2008,3,10,0:28:50
117.178,-8.41,35,4.2,mb,2008,3,10,1:27:24
117.158,-8.389,35,4.6,mb,2008,3,10,1:27:45
115.58,-7.916,242.8,4.6,mb,2008,3,28,13:00:11
115.123,-11.107,10,4.1,mb,2008,4,15,16:56:23
115.02,-7.942,35,3.5,mb,2008,5,11,17:08:47
117.577,-8.502,35,3.6,mb,2008,5,11,18:38:35
115.606,-8.538,183,4.1,mb,2008,5,11,23:05:59
116.26,-9.333,50.6,4.7,mb,2008,5,26,11:13:21
117.877,-8.073,263.7,4,mb,2008,5,29,9:46:38
116.978,-11.064,57.6,4.3,mb,2008,6,1,16:27:28
117.549,-7.717,301.9,4.2,mb,2008,6,5,12:00:13
115.924,-9.532,46.2,4.7,mb,2008,6,6,18:57:21
115.7,-10.371,8.7,4.2,mb,2008,6,10,20:02:12
117.204,-8.071,35,3.8,mb,2008,7,28,6:37:25
116.321,-7.804,307.5,4.2,mb,2008,7,30,5:54:41
117.657,-11.44,22.4,4.3,mb,2008,7,30,21:51:59
117.665,-8.131,30.7,5.9,mwc,2008,8,6,22:41:03
117.726,-8.185,29.5,4.7,mb,2008,8,6,23:07:05
117.746,-8.076,35,4,mb,2008,8,6,23:17:21
117.798,-8.106,35,3.5,mb,2008,8,6,23:33:31
117.809,-8.166,32.6,5,mb,2008,8,7,3:46:22
117.825,-8.045,35,3.6,mb,2008,8,8,22:28:48
117.721,-8.17,38.8,4.8,mb,2008,8,9,0:01:58
115.627,-10.637,10,4.4,mb,2008,8,19,15:07:40
117.841,-8.014,35,4.2,mb,2008,8,23,4:40:51
117.743,-8.21,10,4.5,mb,2008,10,4,16:08:09
114.691,-11.503,35,4.5,mb,2008,10,14,22:00:15
116.424,-11.102,35,3.8,mb,2008,10,21,1:36:42
116.277,-11.319,8.1,4.8,mb,2008,10,21,18:22:20
116.385,-11.196,35,3.7,mb,2008,10,24,7:27:10
116.222,-10.332,35,4,mb,2008,10,24,11:05:23
116.388,-11.11,35,3.5,mb,2008,10,24,11:41:14
116.113,-11.442,35,3.6,mb,2008,10,24,11:52:09
116.415,-11.406,35,3.5,mb,2008,10,24,11:53:08
116.383,-11.147,35,3.9,mb,2008,10,24,11:55:11
116.245,-8.433,55.8,4.8,mb,2008,10,28,17:41:37
116.341,-11.392,57.9,3.9,mb,2008,11,2,6:34:39
116.211,-9.403,35,3.5,mb,2008,11,3,7:42:43
116.909,-9.116,63.5,4.6,mb,2008,11,3,10:37:42
116.214,-11.352,30.7,4,mb,2008,11,4,14:53:29
116.168,-11.355,30.2,4.9,mb,2008,11,4,15:16:26
115.283,-8.014,35,3.8,mb,2008,11,14,11:37:14
117.54,-8.688,164.1,3.9,mb,2008,11,18,1:09:17
117.866,-11.497,35,3.9,mb,2008,11,18,10:59:53
117.805,-7.765,35,4.8,mb,2008,12,6,15:22:17
116.257,-11.349,44.8,4.3,mb,2008,12,21,1:56:44
115.025,-10.685,30.9,5.1,mb,2009,1,20,12:34:34
115.067,-10.613,35,4.5,mb,2009,1,20,21:09:36
117.55,-11.379,12.3,5.1,mwc,2009,1,27,0:57:35
117.258,-7.696,307.1,4.3,mb,2009,4,23,10:51:20
117.2,-7.686,17,5.5,mwc,2009,6,14,3:36:00
116.937,-9.288,72,4.3,mb,2009,6,25,12:52:21
115.915,-7.829,249.3,4.3,mb,2009,7,10,9:02:33
117.792,-8.847,30.6,5.2,mwc,2009,7,20,3:37:36
117.687,-8.846,33.5,4.4,mb,2009,8,15,15:27:42
117.374,-7.782,268.1,5.2,mwc,2009,9,8,15:18:16
117.493,-8.931,35,4.5,mb,2009,9,11,11:37:08
115.593,-9.138,79,5.7,mwc,2009,9,18,23:06:57
115.685,-9.214,84,4.2,mb,2009,9,19,2:40:12
117.844,-8.076,29.3,4.5,mb,2009,11,17,14:07:04
117.167,-7.806,16.9,4.5,mb,2009,11,23,22:08:22
116.023,-11.139,41.7,4.3,mb,2009,12,2,1:59:35
116.808,-8.524,146.7,4.5,mb,2009,12,21,4:27:52
117.709,-9.457,75.9,4.5,mb,2009,12,31,2:17:14
117.382,-8.882,35,4.6,mb,2010,2,28,8:33:56
117.432,-8.971,44.9,5,mwc,2010,3,31,6:11:30
117.448,-8.954,50,4.7,mb,2010,3,31,6:27:50
116.624,-8.688,44.9,4.2,mb,2010,4,1,20:09:44
115.492,-10.852,29.9,4.1,mb,2010,4,15,4:01:44
117.465,-8.966,44.7,5.1,mwc,2010,5,1,16:34:52
117.388,-9,47.4,4.2,mb,2010,5,4,4:09:31
116.579,-10.188,44,4.4,mb,2010,6,22,10:46:00
117.511,-10.371,35,4.7,mb,2010,6,24,12:08:52
117.431,-7.851,18.4,4.7,mb,2010,9,27,21:12:23
115.512,-9.672,73.8,3.7,mb,2010,11,2,13:40:12
116.044,-8.282,20.8,4.2,mb,2010,11,11,8:05:40
116.093,-8.306,35,4,mb,2010,11,11,8:06:57
117.031,-9.669,17.9,4.3,mb,2010,12,4,0:54:21
116.744,-9.06,5.5,4.1,mb,2010,12,4,23:52:19
116.861,-11.199,35,4.4,mb,2011,2,18,7:00:52
116.268,-9.965,43.2,4,mb,2011,2,20,0:47:09
115.151,-8.425,172.2,4.6,mb,2011,2,26,5:06:29
116.284,-10.882,35,4,mb,2011,3,6,11:27:09
115.304,-8.263,190.7,4.9,mb,2011,3,11,15:33:02
115.022,-8.402,24.4,4.3,mb,2011,3,20,16:29:23
117.808,-8.128,22.1,4.5,mb,2011,3,31,11:42:47
115.335,-7.76,10,4.2,mb,2011,3,31,23:02:37
117.199,-10.577,21.1,4.8,mb,2011,5,24,4:51:39
117.364,-7.715,296.4,4.5,mb,2011,6,17,17:59:02
117.291,-8.054,200.2,4.1,mb,2011,6,26,3:22:53
117.824,-8.205,30.5,4.2,mb,2011,7,6,1:46:05
114.991,-11.082,35,4.1,mb,2011,7,13,11:26:40
117.597,-7.951,10,4.5,mb,2011,7,25,11:59:03
117.418,-7.945,26.9,4.5,mb,2011,8,22,21:14:22
115.485,-11.16,23.9,4.3,mb,2011,8,24,16:41:41
117.743,-9.768,63.8,4.4,mb,2011,9,12,3:47:47
117.82,-9.587,46.2,5.2,mwc,2011,9,21,19:52:30
114.587,-9.35,39,6.1,mww,2011,10,13,3:16:30
114.527,-9.43,35,4.9,mwc,2011,10,13,7:52:45
115.758,-8.808,98.1,5,mb,2011,11,4,14:59:53
117.344,-7.948,30.6,4.5,mb,2011,11,7,22:04:31
117.338,-7.902,35,4,mb,2011,11,7,23:22:30
117.487,-8.139,191.4,4.7,mb,2011,12,4,6:04:17
114.821,-10.928,20.5,4.2,mb,2011,12,17,5:23:32
116.013,-10.369,7,5.1,mb,2012,1,27,17:16:25
116.285,-10.176,26.2,4.1,mb,2012,1,28,2:14:28
117.541,-9.609,57.5,4.3,mb,2012,2,14,7:06:08
116.17,-7.956,259.9,4.6,mb,2012,2,21,10:46:54
116.759,-7.996,269.5,4.4,mb,2012,5,2,0:16:09
117.085,-8.051,35,4.7,mb,2012,5,14,7:00:09
116.281,-11.388,11.1,4.2,mb,2012,6,9,8:32:48
116.984,-10.885,35,4.7,mb,2012,7,5,18:54:52
116.363,-8.718,107.2,5.3,mb,2012,8,9,11:04:24
116.485,-11.628,35,4.1,mb,2012,8,18,17:34:32
116.843,-10.028,41.1,4.2,mb,2012,8,26,9:19:32
117.26,-8.002,35,4.5,mb,2012,9,14,17:59:15
116.096,-8.66,47.9,4.2,mb,2012,10,8,13:18:29
117.691,-7.844,261,4.3,mb,2012,10,25,8:05:15
117.614,-7.947,35,5.3,mb,2012,11,9,15:07:51
115.124,-8.918,78.5,5,mb,2012,11,22,9:09:32
117.737,-8.376,42.6,4.3,mb,2012,12,16,13:12:28
117.232,-7.791,300.5,4.5,mb,2012,12,23,5:52:14
115.063,-9.275,59.1,4.3,mb,2013,1,11,7:47:44
116.337,-11.107,24.6,4.8,mb,2013,2,9,8:40:03
116.373,-8.683,125.3,4.4,mb,2013,2,15,10:42:51
117.302,-11.469,10,4.7,mb,2013,3,2,23:42:18
116.194,-9.363,79.6,4.4,mb,2013,3,5,10:22:15
115.906,-9.786,59,4.1,mb,2013,3,17,11:49:28
117.193,-11.458,10,5.1,mb,2013,3,25,11:54:55
116.78,-11.622,30,4.5,mb,2013,3,28,16:49:03
115.081,-7.565,17.1,4.6,mb,2013,4,2,5:26:07
117.177,-11.484,35,4.6,mb,2013,5,2,21:08:51
117.506,-8.739,142.7,4.3,mb,2013,5,16,6:13:50
115.726,-9.052,100.9,4.1,mb,2013,5,21,4:24:35
117.327,-11.558,35.9,4.3,mb,2013,6,8,18:40:06
115.856,-7.763,260.1,5,mb,2013,6,17,19:17:58
116.058,-8.305,46.5,5.1,mb,2013,6,22,5:42:39
117.2,-8.465,10,4.3,mb,2013,7,18,8:09:32
117.196,-8.375,30.3,4.4,mb,2013,7,18,8:11:56
117.165,-8.315,33.5,5,mb,2013,7,18,15:43:10
117.194,-8.34,40.6,4.3,mb,2013,7,18,19:32:58
117.3,-8.521,10,4.3,mb,2013,7,25,8:56:45
116.255,-8.5478,187.86,4.4,mb,2013,8,9,9:10:43
117.6048,-7.875,272.63,4.2,mb,2013,8,16,1:53:31
117.1954,-7.6383,290.19,5,mb,2013,8,16,11:52:17
117.4269,-7.5469,304.44,4.5,mb,2013,9,15,7:15:53
115.9595,-9.8648,39.88,5.2,mb,2013,9,23,15:12:55
115.9191,-7.8973,252.22,4.4,mb,2013,10,3,23:21:48
117.6948,-8.1978,19.02,4.5,mb,2013,10,5,17:30:54
117.1783,-9.1848,98.57,4,mb,2013,10,13,7:53:58
114.7564,-9.737,9.82,4.9,mb,2013,10,15,12:49:20
114.9424,-9.764,8.47,4.9,mb,2013,10,15,12:50:13
117.3907,-7.7108,297.46,4.5,mb,2013,10,25,10:44:14
117.8047,-9.037,64.81,4.6,mb,2013,11,8,0:16:48
115.5366,-10.2692,38.37,4.4,mb,2013,12,4,19:58:34
116.3805,-10.6386,40.81,4.4,mb,2013,12,19,6:05:14
117.0013,-8.3261,143.61,4.7,mb,2013,12,31,18:26:45
117.3056,-11.4214,34.46,4.5,mb,2014,2,2,0:56:12
116.8587,-11.5606,31.87,4.3,mb,2014,2,13,2:49:12
117.5563,-7.9485,19.77,4.5,mb,2014,2,27,18:44:04
117.6954,-9.4487,69.16,4.4,mb,2014,3,3,15:14:22
117.6359,-9.5905,58.3,4.4,mb,2014,3,3,15:15:33
117.1287,-7.6378,299.24,5.1,mb,2014,3,6,10:23:59
115.2523,-9.3083,40.93,4.2,mb,2014,3,9,0:49:57
117.2518,-7.7677,306.36,4.2,mb,2014,3,20,2:10:04
114.4948,-10.0292,46.28,4.2,mb,2014,3,20,21:37:32
116.725,-11.4753,23.34,4.6,mb,2014,3,24,22:18:26
114.7562,-11.3816,49.46,4.3,mb,2014,3,26,4:38:45
117.2525,-8.3758,38.43,4.2,mb,2014,3,31,12:24:11
115.0572,-11.5997,23.09,4.1,mb,2014,4,8,13:57:54
117.3997,-8.4082,41.79,4.2,mb,2014,4,9,17:30:18
117.4864,-7.8158,277.39,5,mb,2014,4,17,13:03:03
117.5407,-8.1326,229.29,5.2,mb,2014,5,10,2:42:11
116.9381,-11.6516,31.78,4.4,mb,2014,6,17,16:40:19
117.769,-8.2486,214.38,4.1,mb,2014,6,30,8:59:49
114.6423,-8.4135,124.77,4,mb,2014,7,7,1:24:20
115.5406,-8.9892,84.37,4,mb,2014,7,24,14:49:48
117.7556,-8.3367,215.73,4.4,mb,2014,7,26,10:44:57
117.2379,-7.6799,298.82,4,mb,2014,8,12,0:24:17
116.3694,-11.4746,30.82,4.1,mb,2014,8,19,5:30:52
116.1396,-8.358,26.39,4.5,mb,2014,8,21,10:22:11
114.5547,-9.4123,50.46,4.1,mb,2014,8,23,15:58:43
116.3993,-10.3105,46.62,4.4,mb,2014,8,24,2:39:22
116.0065,-9.3303,96.2,4.1,mb,2014,9,7,17:54:56
116.0525,-8.3498,26.28,4.1,mb,2014,9,17,16:41:32
116.9606,-7.9557,50.34,4.1,mb,2014,9,22,18:42:35
115.7225,-8.3405,185.51,4.7,mb,2014,9,22,21:05:01
117.8615,-8.9082,58.06,4.2,mb,2014,9,26,16:41:21
115.9067,-9.0761,49.76,4.1,mb,2014,10,2,19:46:04
116.6862,-7.8471,275.7,4.5,mb,2014,10,6,9:33:07
117.2192,-10.8836,44.26,4,mb,2014,10,8,19:22:56
115.4361,-7.4744,306.96,4.4,mb,2014,10,16,12:22:22
116.655,-11.4907,30.18,4.7,mb,2014,11,8,0:01:03
117.5099,-11.5572,10,4.3,mb,2014,11,25,16:47:51
117.5456,-7.8663,279,4,mb,2014,12,15,3:25:45
117.3863,-7.7625,247.54,4.1,mb,2014,12,18,9:29:23
115.3671,-8.9101,49.63,4,mb,2014,12,20,19:30:44
115.7739,-8.7342,118.04,4.3,mb,2014,12,28,11:58:21
117.7646,-9.5877,65.45,4.1,mb,2015,1,16,22:57:52
117.7024,-7.9798,25.02,4.8,mb,2015,1,20,5:21:28
117.8286,-9.8426,88.33,4.4,mb,2015,1,30,18:41:15
117.2896,-7.7101,305.67,4.2,mb,2015,2,5,14:42:27
114.9741,-8.976,87.09,3.8,mb,2015,2,19,17:21:25
115.2133,-9.1607,103.56,4.1,mb,2015,2,21,12:21:00
117.6536,-11.6514,10,4,mb,2015,2,26,0:01:25
117.4824,-9.8402,67.24,4.1,mb,2015,3,15,1:28:41
117.5566,-8.9863,56.3,4.2,mb,2015,3,15,1:32:31
117.6324,-9.521,70.24,4.5,mb,2015,3,26,0:38:21
114.6149,-8.2116,31.73,4.3,mb,2015,3,26,11:04:35
117.645,-9.4829,72.01,4.2,mb,2015,5,1,15:04:43
116.0729,-8.2622,8.35,4.4,mb,2015,5,4,10:21:23
117.2424,-7.6557,305.73,4.1,mb,2015,5,14,17:09:25
115.8979,-10.6324,39.5,4.3,mb,2015,5,16,13:22:38
117.6723,-7.932,46.17,4,mb,2015,5,21,13:33:15
117.1494,-7.663,301.62,4.3,mb,2015,6,14,10:17:01
114.8651,-9.9151,37.41,4.2,mb,2015,6,16,17:43:19
117.7399,-8.8719,116.95,4.3,mb,2015,6,25,15:51:52
116.035,-8.3761,10,4.3,mb,2015,6,28,11:37:41
114.9152,-9.8969,58.48,4.2,mb,2015,7,10,2:16:32
116.2298,-8.6391,112.47,4.6,mb,2015,7,12,15:22:18
116.0564,-8.6629,126.47,4,mb,2015,7,15,17:42:10
114.7803,-10.9286,11.45,4.1,mb,2015,7,25,18:12:28
116.1549,-9.5625,46.49,4.2,mb,2015,8,4,19:17:14
115.9399,-9.7758,35.19,5.3,mb,2015,8,6,5:05:49
117.7305,-9.5948,72.4,4.6,mb,2015,8,10,23:53:22
115.9479,-7.7868,263.48,4.2,mb,2015,8,22,18:42:34
116.3414,-10.8411,34.44,5.1,mb,2015,8,29,20:02:26
116.2024,-9.2709,57.38,4.1,mb,2015,9,16,21:52:46
117.676,-8.0798,213.56,4.1,mb,2015,9,19,4:24:39
116.9051,-7.5937,308.78,4.9,mb,2015,10,4,17:45:55
114.9334,-8.3921,10,4.2,mb,2015,10,9,6:31:02
117.3386,-7.648,290.03,4,mb,2015,10,9,21:49:39
117.4771,-7.8249,15.75,4.7,mb,2015,11,8,22:54:04
115.0715,-9.4941,63.7,3.9,mb,2015,11,25,1:55:54
115.0527,-9.3754,66.56,4.2,mb,2015,11,28,16:44:01
117.1708,-7.6825,299.06,4.4,mb,2015,12,1,9:45:39
115.2539,-8.2904,6.91,4.1,mb,2015,12,8,17:36:31
116.0983,-8.1556,209.93,4.8,mb,2015,12,9,11:34:17
117.6913,-9.4425,74.5,5.4,mb,2016,1,8,22:21:31
117.4481,-10.3125,56.53,4.2,mb,2016,1,25,11:03:21
116.7716,-11.655,29.04,4.3,mb,2016,2,7,3:21:55
115.6241,-8.363,17.69,4.1,mb,2016,2,8,15:19:45
115.2337,-9.2568,60.44,3.9,mb,2016,3,1,10:13:01
115.6682,-7.8707,229.38,4.3,mb,2016,3,22,8:21:54
115.9925,-8.4873,18.84,4.4,mb,2016,3,31,9:34:43
117.825,-8.0648,10,4.6,mb,2016,4,9,8:20:12
115.5471,-9.5262,57.42,4.2,mb,2016,4,27,9:13:48
117.5887,-8.7612,117.24,4.8,mb,2016,5,9,4:21:16
117.0314,-11.2179,10,4.9,mb,2016,5,12,18:23:51
115.8457,-9.1475,92.4,4.2,mb,2016,6,9,2:40:31
116.2669,-11.2487,19,6.1,mww,2016,6,9,4:13:08
115.146,-7.9595,212.18,4.6,mb,2016,6,11,10:07:56
116.2796,-11.3901,30.24,4.7,mb,2016,6,15,2:10:54
116.2994,-11.4811,24.18,4.2,mb,2016,6,15,7:24:33
116.1111,-11.5983,36.36,4.2,mb,2016,7,3,11:40:51
116.3732,-11.5132,29.91,4.3,mb,2016,7,3,11:44:28
116.0562,-11.5547,30.63,4,mb,2016,7,3,11:56:05
116.2885,-11.4649,10,4.7,mb,2016,7,18,17:55:37
114.6308,-7.8459,23.8,4.3,mb,2016,7,27,20:47:43
117.8136,-8.1935,21,5.6,mww,2016,7,31,23:40:01
117.3842,-11.5605,27.35,4.1,mb,2016,8,2,15:11:48
115.6386,-8.4091,18.51,4.3,mb,2016,8,9,15:37:37
117.8323,-8.1559,36.11,4.5,mb,2016,8,10,0:16:01
117.8074,-8.1432,4.04,4.2,mb,2016,8,23,15:00:35
115.3468,-8.6862,119.18,4.2,mb,2016,9,23,17:15:02
116.2433,-9.5747,89.25,4.1,mb,2016,11,1,20:53:40
117.8011,-9.5946,63.83,4.4,mb,2016,11,19,18:11:11
115.893,-8.3593,35.31,4.2,mb,2016,11,23,16:21:33
117.4646,-9.6358,81.64,4.9,mb,2016,12,2,9:11:41
117.4025,-7.9431,21.85,4.2,mb,2016,12,8,21:21:25
117.5641,-8.1619,19.42,4.6,mb,2017,1,10,17:10:53
116.2387,-11.1391,32.76,4.3,mb,2017,2,3,20:26:18
115.7353,-9.3531,60.51,4.6,mb,2017,2,12,4:25:11
117.6496,-8.1053,212.26,5.2,mb,2017,2,13,3:08:34
116.603,-9.1225,38.16,4.1,mb,2017,2,19,11:35:38
115.8822,-10.6527,41.07,4.7,mb,2017,2,19,16:20:33
114.5737,-11.539,10,5.5,mww,2017,3,16,18:39:26
115.1546,-10.7723,10,4.5,mb,2017,3,18,1:15:35
117.5366,-8.3231,31.35,4,mb,2017,3,21,14:33:52
115.3233,-8.4915,111.71,5.6,mww,2017,3,21,23:10:25
115.3706,-8.3858,115.2,4,mb,2017,3,21,23:40:31
115.5351,-9.1344,95.69,4.3,mb,2017,4,7,18:25:31
114.4122,-9.3571,83.9,4.3,mb,2017,4,8,11:08:03
117.2176,-7.8099,278.54,4,mb,2017,4,24,14:33:00
117.0424,-7.6761,308.52,4.2,mb,2017,4,29,15:59:01
114.907,-9.8291,35,4.4,mb,2017,4,30,14:33:48
117.6714,-8.3939,168.87,4.6,mb,2017,5,11,21:58:11
116.6363,-7.8815,268.26,4.2,mb,2017,5,12,14:33:39
117.5285,-9.525,72.2,4.1,mb,2017,6,10,18:50:47
117.6513,-7.9806,37.53,4.5,mb,2017,6,23,14:34:54
117.5102,-7.7743,280.19,4.4,mb,2017,7,26,19:22:06
114.9189,-10.0948,52.05,4,mb,2017,7,30,13:22:49
116.8291,-9.3793,59.36,4.1,mb,2017,8,12,10:17:21
115.9465,-7.6158,304.1,4.8,mb,2017,8,13,5:31:47
115.1702,-8.3954,169.06,4.1,mb,2017,8,22,8:02:36
117.2244,-7.7606,10,4.1,mb,2017,8,24,0:35:30
115.85,-10.6682,39.69,4.3,mb,2017,9,25,22:59:44
115.4547,-8.3437,7.77,4,mb,2017,9,26,8:27:08
117.2263,-10.7449,10,4.7,mb,2017,9,28,8:12:59
117.1579,-11.5819,10,4.2,mb,2017,10,13,17:46:07
117.0188,-9.1298,108.96,4.1,mb,2017,11,6,18:20:24
115.5272,-8.3071,22.71,4.9,mww,2017,11,8,21:54:19
117.3807,-7.9463,10,4.7,mb,2017,11,13,16:26:37
115.2464,-8.6011,117.02,4.1,mb,2017,11,16,17:58:25
116.825,-7.834,292.26,4.2,mb,2018,1,1,16:25:35
117.4043,-7.9103,45.79,4.5,mb,2018,1,10,18:06:26
116.6741,-8.2776,24.47,4.2,mb,2018,2,1,22:02:41
115.8423,-8.1902,10,4.2,mb,2018,2,2,5:59:12
117.1487,-8.9508,100.5,4.9,mb,2018,2,10,0:31:18
117.6073,-9.4743,66.82,4.7,mb,2018,2,17,0:28:26
115.5512,-10.4676,35,4.7,mb,2018,2,21,1:44:42
116.2899,-11.6461,10,4.4,mb,2018,3,1,17:45:03
115.4889,-8.2958,10,3.9,mb,2018,3,3,2:52:46
116.8008,-8.8919,127.07,4.6,mb,2018,3,30,16:10:45
117.287,-10.709,10,4.8,mb,2018,4,7,9:56:42
117.4895,-11.4601,10,4.1,mb,2018,4,13,20:43:38
117.274,-7.6656,286.4,4.8,mb,2018,5,11,7:33:12
115.0479,-10.7228,10,4.7,mb,2018,5,16,22:48:48
117.3821,-11.4457,43.21,4.5,mb,2018,5,19,14:03:06
116.9665,-7.6568,175.94,4.3,mb,2018,5,21,11:57:45
115.6813,-8.8601,93.46,4.4,mb,2018,5,22,10:01:42
117.8518,-8.1156,32.07,4.8,mb,2018,6,27,5:37:42
116.2467,-8.5723,121.93,4.1,mb,2018,7,1,6:00:14
115.1596,-9.743,55.29,4.4,mb,2018,7,3,1:19:00
115.4768,-9.0101,79.79,4.7,mb,2018,7,15,23:48:52
116.4874,-10.3889,30.12,4.9,mww,2018,7,24,14:50:40
116.508,-8.2395,14,6.4,mww,2018,7,28,22:47:38
116.5888,-8.2139,10,4.8,mb,2018,7,28,22:55:36
116.4997,-8.3065,10,4.8,mb,2018,7,28,22:56:45
116.4971,-8.1808,10,4.7,mb,2018,7,28,22:58:44
116.4624,-8.2204,10,5.4,mww,2018,7,28,23:06:48
116.563,-8.2054,10,4.4,mb,2018,7,28,23:15:59
116.5426,-8.287,10,4.9,mb,2018,7,28,23:16:26
116.5143,-8.2053,10,4.3,mb,2018,7,28,23:19:35
116.3593,-8.1745,10,4.6,mb,2018,7,28,23:39:33
116.4413,-8.3172,10,4.3,mb,2018,7,29,0:05:30
116.5863,-8.1939,10,4,mb,2018,7,29,0:18:32
116.5669,-8.2441,13.91,4.2,mb,2018,7,29,0:37:34
116.5625,-8.3605,10,4.8,mb,2018,7,29,1:44:24
116.4514,-8.3133,10.9,5.3,mww,2018,7,29,1:50:32
116.5145,-8.4127,10,4.8,mb,2018,7,29,2:20:08
116.487,-8.2755,10,4.4,mb,2018,7,29,3:04:28
116.4664,-8.3037,10,4.2,mb,2018,7,29,4:22:50
116.4203,-8.2378,18.17,4.2,mb,2018,7,29,10:05:01
116.6286,-8.2127,34.52,4.9,mb,2018,8,2,19:07:23
116.6582,-8.4796,10,4,mb,2018,8,2,19:17:40
116.611,-8.389,10,4.4,mb,2018,8,4,5:44:53
116.4375,-8.2581,34,6.9,mww,2018,8,5,11:46:38
116.0241,-8.3608,17.72,5.1,mb,2018,8,5,12:03:24
116.1946,-8.5068,23.55,4.5,mb,2018,8,5,12:07:04
116.0222,-8.3658,6.75,4.3,mb,2018,8,5,12:08:39
116.1689,-8.3542,29.25,4.6,mb,2018,8,5,12:18:06
116.2892,-8.2236,34.56,4.4,mb,2018,8,5,12:21:40
116.0595,-8.4594,10,4.1,mb,2018,8,5,12:24:07
116.2548,-8.2789,32.01,4.6,mb,2018,8,5,12:25:03
116.4645,-8.1996,3.96,4.3,mb,2018,8,5,12:27:10
116.031,-8.2996,16.26,4.2,mb,2018,8,5,12:35:19
116.1577,-8.3214,13.64,4.9,mb,2018,8,5,12:42:31
116.1402,-8.358,31.26,5.5,mb,2018,8,5,12:49:55
116.1998,-8.2955,10,4.9,mb,2018,8,5,12:58:03
116.4561,-8.2157,12.14,4.7,mb,2018,8,5,13:07:34
116.13,-8.4005,13.33,4.8,mb,2018,8,5,13:12:13
116.4694,-8.1484,10,4.1,mb,2018,8,5,14:10:38
116.2225,-8.2992,24.45,4.6,mb,2018,8,5,14:24:40
116.4779,-8.2243,3.3,4.4,mb,2018,8,5,14:42:14
116.0894,-8.3456,21.12,4.5,mb,2018,8,5,14:45:37
116.5677,-8.0629,10,4.1,mb,2018,8,5,14:51:40
116.2039,-8.156,28.28,4.6,mb,2018,8,5,14:53:02
116.0578,-8.4364,32.41,4.4,mb,2018,8,5,15:11:30
116.6188,-8.367,10,4,mb,2018,8,5,15:21:42
116.4723,-8.2571,21.04,4.3,mb,2018,8,5,15:26:52
116.1603,-8.2935,24.47,4.2,mb,2018,8,5,16:29:58
116.2412,-8.2702,10,5,mb,2018,8,5,16:49:41
116.0341,-8.4061,10,4.3,mb,2018,8,5,17:42:34
115.9935,-8.23,10,4.3,mb,2018,8,5,18:41:11
116.2452,-8.5038,10,4.2,mb,2018,8,5,18:47:18
116.207,-8.4257,10,4.4,mb,2018,8,5,19:44:55
116.2123,-8.385,10,4.5,mb,2018,8,5,20:37:10
116.2181,-8.2631,10,4.6,mb,2018,8,5,20:41:27
116.1604,-8.4534,10,4.4,mb,2018,8,5,21:17:40
116.3062,-8.3667,10,5.3,mww,2018,8,6,0:28:18
116.307,-8.2425,12.93,4.7,mb,2018,8,6,1:53:45
116.4607,-8.2729,33.31,4.1,mb,2018,8,6,15:22:11
116.0135,-8.3988,26.01,5.1,mww,2018,8,6,15:50:55
116.3676,-8.3022,10,4.2,mb,2018,8,6,17:49:26
116.364,-8.2479,22.5,5.3,mww,2018,8,6,18:21:19
116.2953,-8.2215,10,4.3,mb,2018,8,6,18:32:58
116.3357,-8.2366,10,4.2,mb,2018,8,6,18:36:55
116.2076,-8.2584,10,4.3,mb,2018,8,6,20:28:23
116.3945,-8.2063,10,4.5,mb,2018,8,7,3:01:08
115.999,-8.4188,10,4.5,mb,2018,8,7,6:01:10
116.276,-8.7157,10,4.5,mb,2018,8,7,9:49:00
116.1737,-8.283,10,4.3,mb,2018,8,7,14:04:38
116.1263,-8.3991,10,4.6,mb,2018,8,8,2:10:53
116.2304,-8.3065,15,5.9,mww,2018,8,9,5:25:32
116.6074,-8.3405,18.85,4.6,mb,2018,8,9,20:33:05
116.1937,-8.3192,10,4.2,mb,2018,8,9,20:55:23
116.675,-8.1855,10,4.3,mb,2018,8,10,10:39:59
116.4287,-8.0879,10,4.8,mb,2018,8,10,15:57:38
116.3502,-8.2534,10,4.4,mb,2018,8,11,15:42:08
116.2402,-8.365,10,4.6,mb,2018,8,13,1:42:21
116.5198,-8.2751,10,4.4,mb,2018,8,15,9:04:08
115.7448,-7.5991,302.54,4.1,mb,2018,8,16,15:14:26
116.5135,-8.2859,10,4.4,mb,2018,8,17,15:21:09
116.0741,-8.3322,22.18,3.8,mb,2018,8,18,20:12:58
116.5772,-8.4051,10,5.4,mb,2018,8,19,4:06:13
116.5993,-8.3366,16,6.3,mww,2018,8,19,4:10:22
116.601,-8.4774,10,4.3,mb,2018,8,19,4:45:33
116.7609,-8.3504,3.85,4.3,mb,2018,8,19,9:30:30
116.7767,-8.3454,10,4.7,mb,2018,8,19,9:50:10
116.6518,-8.2623,19.06,4.7,mb,2018,8,19,10:42:17
116.6272,-8.319,21,6.9,mww,2018,8,19,14:56:27
116.5942,-8.2842,10,5.6,mb,2018,8,19,15:04:02
116.4207,-8.1289,10,4.8,mb,2018,8,19,15:15:09
116.5565,-8.3511,10,5.8,mb,2018,8,19,15:16:35
116.5568,-8.391,10,5.5,mb,2018,8,19,15:28:58
116.9021,-8.3704,10,4.1,mb,2018,8,19,15:39:50
116.8288,-8.3371,10,4.2,mb,2018,8,19,15:45:54
116.658,-8.2566,10,4.9,mb,2018,8,19,15:46:00
116.8124,-8.3437,5.62,4.7,mb,2018,8,19,15:47:24
116.8652,-8.4504,10,4.4,mb,2018,8,19,15:51:39
116.8678,-8.4549,18.6,4,mb,2018,8,19,15:58:28
116.7577,-8.1908,14.16,4.1,mb,2018,8,19,16:10:03
116.8992,-8.4213,7.58,4.4,mb,2018,8,19,16:18:51
116.8263,-8.415,10,5,mb,2018,8,19,16:21:07
116.6962,-8.281,10,4.5,mb,2018,8,19,16:23:57
116.8473,-8.377,10,5.3,mb,2018,8,19,16:37:37
116.6914,-8.3295,10,4.6,mb,2018,8,19,17:28:39
116.658,-8.27,10,4.7,mb,2018,8,19,18:18:35
116.8883,-8.3828,10,5.2,mb,2018,8,19,18:23:23
116.8883,-8.3545,10,4.1,mb,2018,8,19,20:39:39
116.4799,-8.2391,10,4.4,mb,2018,8,19,20:56:11
116.945,-8.446,10,4.8,mb,2018,8,19,21:21:50
116.5462,-8.3391,10,4.7,mb,2018,8,19,21:44:52
116.6773,-8.2059,10,4.5,mb,2018,8,19,21:49:55
116.6443,-8.3232,10,5.1,mb,2018,8,19,21:50:10
116.8743,-8.4087,10,4.5,mb,2018,8,19,22:55:05
116.5361,-8.1988,10,4.6,mb,2018,8,19,23:29:55
116.6994,-8.3006,6.18,5.2,mb,2018,8,20,1:30:31
116.7945,-8.2983,10,4.1,mb,2018,8,20,3:40:20
116.8325,-8.2933,10,4.2,mb,2018,8,20,3:56:37
116.8903,-8.4038,10,4.5,mb,2018,8,20,5:07:45
116.9085,-8.4649,10,4.3,mb,2018,8,20,6:26:04
116.7471,-8.3674,10,4.3,mb,2018,8,20,6:29:43
116.3728,-8.2421,10,4.9,mb,2018,8,20,10:31:32
116.8624,-8.3923,16.48,4.4,mb,2018,8,20,11:38:47
116.9799,-8.2966,10,4,mb,2018,8,20,13:17:19
116.8353,-8.4278,9.61,4.5,mb,2018,8,20,13:25:14
116.8824,-8.3961,10,4.1,mb,2018,8,20,15:15:58
116.4407,-8.2622,10,4.4,mb,2018,8,20,21:53:52
116.4628,-8.2426,10,4.4,mb,2018,8,20,21:55:26
116.4748,-8.1382,10,4.2,mb,2018,8,20,22:28:35
116.952,-8.543,10,5.2,mb,2018,8,21,1:09:25
116.5957,-9.109,10,4.4,mb,2018,8,21,4:08:05
116.7071,-8.301,10,4.5,mb,2018,8,21,16:04:10
116.8822,-8.3406,10,4.4,mb,2018,8,22,2:36:32
116.8103,-8.1633,10,4.9,mb,2018,8,22,14:50:22
116.8335,-8.2243,10,4.3,mb,2018,8,22,16:05:36
114.8224,-9.0829,70.95,5.1,mb,2018,8,22,22:48:42
116.0527,-8.3321,10,4.2,mb,2018,8,23,18:08:35
116.7299,-8.3635,22.95,4.4,mb,2018,8,24,7:23:21
116.8739,-8.3458,10,4.1,mb,2018,8,24,12:47:02
116.5751,-8.3006,10,4.4,mb,2018,8,25,16:27:13
116.9263,-8.422,11.58,5.5,mww,2018,8,25,18:33:15
116.9882,-8.3893,10,4.6,mb,2018,8,25,18:40:08
116.9485,-8.4768,10,4.9,mb,2018,8,26,3:54:03
116.8577,-8.2546,27.83,4.2,mb,2018,8,29,22:03:03
115.9747,-8.3596,10,4.4,mb,2018,8,29,23:10:31
115.872,-9.0292,62.48,4.1,mb,2018,8,31,2:21:54
116.067,-8.4258,10,4.8,mb,2018,8,31,2:37:13
116.4089,-8.1302,16.06,5.3,mww,2018,9,2,0:15:46
116.7778,-8.7098,10,4.1,mb,2018,9,4,2:45:56
116.3477,-8.2884,10,4.3,mb,2018,9,4,4:07:37
116.8898,-8.4286,10,4.4,mb,2018,9,4,11:24:56
116.9885,-8.2805,10,4.3,mb,2018,9,5,19:56:39
116.9679,-8.3429,10,5,mb,2018,9,6,6:43:09
116.6363,-8.3774,26.4,5,mb,2018,9,7,17:14:38
116.7244,-8.3025,5.71,4.1,mb,2018,9,7,17:26:01
116.8133,-8.2619,10,4.5,mb,2018,9,8,14:29:58
116.571,-8.2532,10,4.5,mb,2018,9,9,4:53:35
116.5828,-8.1224,10,5,mb,2018,9,10,3:50:15
116.5351,-8.1685,14.01,4.7,mb,2018,9,10,8:49:15
116.5118,-8.1902,10,5,mww,2018,9,10,20:22:24
116.443,-8.1667,10,4.4,mb,2018,9,14,4:57:07
116.5078,-8.2517,10,4.4,mb,2018,9,14,20:55:04
116.2794,-8.2649,10,4.7,mb,2018,9,18,7:27:16
116.0396,-8.4363,10,4.3,mb,2018,9,18,18:45:05
116.7731,-8.3132,10,4.1,mb,2018,9,22,17:43:22
116.1718,-11.4229,10,4.2,mb,2018,9,23,2:45:31
116.7305,-8.3329,10,4.2,mb,2018,9,23,23:30:21
116.8232,-8.361,10,5.1,mww,2018,10,7,17:57:21
116.7787,-8.142,10,4.5,mb,2018,10,10,2:16:00
114.4553,-7.4525,9,6,mww,2018,10,10,18:44:55
117.3186,-11.5324,10,4.1,mb,2018,10,12,15:27:21
117.8664,-11.5645,35.84,4.1,mb,2018,10,16,19:01:20
116.1746,-8.2368,10,4.6,mb,2018,10,18,1:12:58
116.953,-10.4668,10,4.4,mb,2018,10,23,21:35:14
116.7428,-8.3362,10,4.4,mb,2018,10,23,21:52:57
116.8856,-10.4691,10,4.4,mb,2018,10,23,23:16:31
115.9416,-9.0242,76.72,4.5,mb,2018,10,27,9:06:30
116.3751,-8.2552,10,4.1,mb,2018,10,27,9:30:36
117.2784,-9.1501,80.8,4.3,mb,2018,10,31,18:22:56
116.8932,-8.3155,10,4.3,mb,2018,11,1,1:28:33
116.4711,-8.4141,10,4.5,mb,2018,11,6,1:00:13
116.9179,-8.4864,10,4.3,mb,2018,11,6,6:49:57
116.7936,-8.0784,10,4.8,mb,2018,11,7,18:36:11
115.4621,-9.0392,68.09,5,mb,2018,11,14,17:23:31
116.266,-8.5675,10,3.7,mb,2018,11,17,5:41:13
116.0135,-8.3948,12,5.5,mww,2018,12,6,1:02:46
117.7632,-9.0262,110.96,4.8,mb,2018,12,10,9:53:57
116.6259,-8.2773,10,4.4,mb,2018,12,11,1:17:43
116.7887,-8.3086,10,5.1,mww,2018,12,21,10:43:55
116.1272,-8.474,10,3.8,mb,2018,12,22,23:59:49
116.7449,-8.3328,23.16,4.7,mb,2018,12,26,12:22:23
